{"mean":{"confidence_interval":{"confidence_level":0.95,"lower_bound":-0.010268664815955661,"upper_bound":-0.00619048619479487},"point_estimate":-0.008324546701363733,"standard_error":0.001069686803859624},"median":{"confidence_interval":{"confidence_level":0.95,"lower_bound":-0.012000822987369937,"upper_bound":-0.00906507661738005},"point_estimate":-0.009974086954669503,"standard_error":0.0008139985101096702}}