{"mean":{"confidence_interval":{"confidence_level":0.95,"lower_bound":147.7721507883904,"upper_bound":147.90985561015242},"point_estimate":147.83965322009496,"standard_error":0.03513038121042585},"median":{"confidence_interval":{"confidence_level":0.95,"lower_bound":147.75485206805368,"upper_bound":147.88276455620417},"point_estimate":147.83624056105458,"standard_error":0.03468223579223383},"median_abs_dev":{"confidence_interval":{"confidence_level":0.95,"lower_bound":0.1976575557934871,"upper_bound":0.3331999917446471},"point_estimate":0.2663717829749974,"standard_error":0.03549662212169434},"slope":{"confidence_interval":{"confidence_level":0.95,"lower_bound":147.77830334815488,"upper_bound":147.92125278330147},"point_estimate":147.8453431960357,"standard_error":0.03648027914220637},"std_dev":{"confidence_interval":{"confidence_level":0.95,"lower_bound":0.27624589659440857,"upper_bound":0.4281986431858661},"point_estimate":0.3536615033344429,"standard_error":0.038934072544065376}}