{"mean":{"confidence_interval":{"confidence_level":0.95,"lower_bound":3565.7289262860413,"upper_bound":3572.946026255291},"point_estimate":3568.996951967522,"standard_error":1.8496115481472966},"median":{"confidence_interval":{"confidence_level":0.95,"lower_bound":3564.078335832084,"upper_bound":3569.618868996874},"point_estimate":3567.067604979561,"standard_error":1.460213075761087},"median_abs_dev":{"confidence_interval":{"confidence_level":0.95,"lower_bound":7.2712885940724,"upper_bound":12.286990973902292},"point_estimate":9.448492329796997,"standard_error":1.3205063614767882},"slope":{"confidence_interval":{"confidence_level":0.95,"lower_bound":3565.369068802971,"upper_bound":3572.0470541050863},"point_estimate":3568.4838007016147,"standard_error":1.7003453478404331},"std_dev":{"confidence_interval":{"confidence_level":0.95,"lower_bound":10.15291192402143,"upper_bound":26.426635009228548},"point_estimate":18.647980027311664,"standard_error":4.255213487095136}}