{"mean":{"confidence_interval":{"confidence_level":0.95,"lower_bound":0.0006329750039325069,"upper_bound":0.0024160546665586533},"point_estimate":0.0015466092019509325,"standard_error":0.0004504564186095256},"median":{"confidence_interval":{"confidence_level":0.95,"lower_bound":0.0026829787308277897,"upper_bound":0.0039647169402141635},"point_estimate":0.0035214358162052317,"standard_error":0.00037389241903997163}}