{"mean":{"confidence_interval":{"confidence_level":0.95,"lower_bound":43021321.179124996,"upper_bound":43119138.746},"point_estimate":43071804.625,"standard_error":24968.37854577867},"median":{"confidence_interval":{"confidence_level":0.95,"lower_bound":43156124.5,"upper_bound":43215285.5},"point_estimate":43191713.75,"standard_error":13608.455255660268},"median_abs_dev":{"confidence_interval":{"confidence_level":0.95,"lower_bound":54603.41573059559,"upper_bound":154870.5400004983},"point_estimate":99212.99568861723,"standard_error":24980.195298762035},"slope":null,"std_dev":{"confidence_interval":{"confidence_level":0.95,"lower_bound":209265.9363285964,"upper_bound":286200.34771142947},"point_estimate":251472.41823280626,"standard_error":19551.24428159394}}