{"mean":{"confidence_interval":{"confidence_level":0.95,"lower_bound":0.029006220744094487,"upper_bound":0.031069567368444},"point_estimate":0.030043600617135402,"standard_error":0.0005278381717763102},"median":{"confidence_interval":{"confidence_level":0.95,"lower_bound":0.030411424170044832,"upper_bound":0.03208438466336383},"point_estimate":0.03132699809432715,"standard_error":0.0004271181941140041}}