{"mean":{"confidence_interval":{"confidence_level":0.95,"lower_bound":0.006825864853536685,"upper_bound":0.015946019852249606},"point_estimate":0.011511926699255381,"standard_error":0.002389112943574808},"median":{"confidence_interval":{"confidence_level":0.95,"lower_bound":0.003398425128195992,"upper_bound":0.01419621844729102},"point_estimate":0.011079925390757861,"standard_error":0.00355495467203524}}