{"mean":{"confidence_interval":{"confidence_level":0.95,"lower_bound":-0.03798859977522583,"upper_bound":-0.026450439248935104},"point_estimate":-0.03266851279903982,"standard_error":0.00296643526757383},"median":{"confidence_interval":{"confidence_level":0.95,"lower_bound":-0.03887663508800521,"upper_bound":-0.03380168581629628},"point_estimate":-0.0367623243817321,"standard_error":0.0013588959156599326}}