{"mean":{"confidence_interval":{"confidence_level":0.95,"lower_bound":0.00980896494607651,"upper_bound":0.022508472808521623},"point_estimate":0.016799091651451104,"standard_error":0.003265392361665929},"median":{"confidence_interval":{"confidence_level":0.95,"lower_bound":0.018048283291503875,"upper_bound":0.02261584833037311},"point_estimate":0.020332417457736174,"standard_error":0.0010181193612761122}}