{"mean":{"confidence_interval":{"confidence_level":0.95,"lower_bound":-0.019749956660009386,"upper_bound":-0.017344395726284927},"point_estimate":-0.0184860478457064,"standard_error":0.0006070684510671903},"median":{"confidence_interval":{"confidence_level":0.95,"lower_bound":-0.02060667083002199,"upper_bound":-0.01769963869077862},"point_estimate":-0.018934781095791275,"standard_error":0.0006701576158790166}}