{"mean":{"confidence_interval":{"confidence_level":0.95,"lower_bound":1427048.4700142595,"upper_bound":1432112.497268075},"point_estimate":1429496.6390888933,"standard_error":1287.7056740233654},"median":{"confidence_interval":{"confidence_level":0.95,"lower_bound":1425666.6363636365,"upper_bound":1429619.8333333333},"point_estimate":1427554.7435897435,"standard_error":984.3800095076167},"median_abs_dev":{"confidence_interval":{"confidence_level":0.95,"lower_bound":6455.565939541401,"upper_bound":12868.254042700668},"point_estimate":8622.834499178856,"standard_error":1635.8580608938828},"slope":{"confidence_interval":{"confidence_level":0.95,"lower_bound":1422155.6390415037,"upper_bound":1429543.8396214745},"point_estimate":1425547.309809369,"standard_error":1896.2605037242324},"std_dev":{"confidence_interval":{"confidence_level":0.95,"lower_bound":9964.283625038981,"upper_bound":15591.665311400662},"point_estimate":12964.680343221164,"standard_error":1436.552853411017}}