{"mean":{"confidence_interval":{"confidence_level":0.95,"lower_bound":0.022681335107551215,"upper_bound":0.025435259990772917},"point_estimate":0.023996955343175363,"standard_error":0.0007118147009330135},"median":{"confidence_interval":{"confidence_level":0.95,"lower_bound":0.02279682595780902,"upper_bound":0.024788737081026926},"point_estimate":0.023564304448050022,"standard_error":0.0005897345389391386}}