{"mean":{"confidence_interval":{"confidence_level":0.95,"lower_bound":-0.006979305578894812,"upper_bound":-0.005514408215837913},"point_estimate":-0.006269997024976104,"standard_error":0.00037391637752685474},"median":{"confidence_interval":{"confidence_level":0.95,"lower_bound":-0.006899871145801484,"upper_bound":-0.0058562612510829615},"point_estimate":-0.006264608780639169,"standard_error":0.00024783162558054316}}