{"mean":{"confidence_interval":{"confidence_level":0.95,"lower_bound":-0.005143432989024299,"upper_bound":0.008355604786851744},"point_estimate":0.002722428951052569,"standard_error":0.003500613251557677},"median":{"confidence_interval":{"confidence_level":0.95,"lower_bound":0.004789286780723989,"upper_bound":0.008646089938925794},"point_estimate":0.006555751579793601,"standard_error":0.000994262517471793}}