{"mean":{"confidence_interval":{"confidence_level":0.95,"lower_bound":0.002543215467862567,"upper_bound":0.010910849797071564},"point_estimate":0.006796560016141928,"standard_error":0.0021260814228261167},"median":{"confidence_interval":{"confidence_level":0.95,"lower_bound":0.006633364895036964,"upper_bound":0.012802922159253827},"point_estimate":0.010052893805893692,"standard_error":0.0015603090450092302}}