{"mean":{"confidence_interval":{"confidence_level":0.95,"lower_bound":-0.006618972202967427,"upper_bound":-0.0025602148702098945},"point_estimate":-0.004804887890800802,"standard_error":0.0010123841739865557},"median":{"confidence_interval":{"confidence_level":0.95,"lower_bound":-0.009044905271131998,"upper_bound":-0.004327539719849782},"point_estimate":-0.006412915339990666,"standard_error":0.001188040711813014}}