{"mean":{"confidence_interval":{"confidence_level":0.95,"lower_bound":-0.0017629825982498986,"upper_bound":0.0013180034226922153},"point_estimate":-0.0002619535702095277,"standard_error":0.0007846509050200887},"median":{"confidence_interval":{"confidence_level":0.95,"lower_bound":-0.001988102382350254,"upper_bound":0.0017757782735459138},"point_estimate":4.4908060281567685e-6,"standard_error":0.0008961841835468617}}