{"mean":{"confidence_interval":{"confidence_level":0.95,"lower_bound":0.016117795495726034,"upper_bound":0.019291385467405924},"point_estimate":0.017701890907459328,"standard_error":0.000806841090742087},"median":{"confidence_interval":{"confidence_level":0.95,"lower_bound":0.01692947441584014,"upper_bound":0.01891869815658831},"point_estimate":0.017983829331734258,"standard_error":0.0005048187221038752}}