{"mean":{"confidence_interval":{"confidence_level":0.95,"lower_bound":9159.527106505124,"upper_bound":9227.801137032673},"point_estimate":9192.350855212726,"standard_error":17.467492315615313},"median":{"confidence_interval":{"confidence_level":0.95,"lower_bound":9109.504850856665,"upper_bound":9160.444050433412},"point_estimate":9131.208904082348,"standard_error":13.875967025766068},"median_abs_dev":{"confidence_interval":{"confidence_level":0.95,"lower_bound":57.52503905232916,"upper_bound":118.00422767870423},"point_estimate":83.37300118187017,"standard_error":16.494515373627088},"slope":{"confidence_interval":{"confidence_level":0.95,"lower_bound":9166.909521054788,"upper_bound":9239.401656822147},"point_estimate":9201.370340869908,"standard_error":18.57956626012347},"std_dev":{"confidence_interval":{"confidence_level":0.95,"lower_bound":135.23781882984045,"upper_bound":209.90981619720003},"point_estimate":175.98251267877197,"standard_error":19.13448971367139}}