{"mean":{"confidence_interval":{"confidence_level":0.95,"lower_bound":-0.020356546822829186,"upper_bound":-0.008026525927688011},"point_estimate":-0.01349040654500977,"standard_error":0.003177676045510678},"median":{"confidence_interval":{"confidence_level":0.95,"lower_bound":-0.009185112315929889,"upper_bound":-0.005258942355177543},"point_estimate":-0.006978252029963494,"standard_error":0.0009435672628946108}}