{"mean":{"confidence_interval":{"confidence_level":0.95,"lower_bound":-0.0026723625485067792,"upper_bound":0.007972206012901665},"point_estimate":0.002946330250734208,"standard_error":0.0027240367591584214},"median":{"confidence_interval":{"confidence_level":0.95,"lower_bound":0.00034190147512958013,"upper_bound":0.008591647997848062},"point_estimate":0.004484416740097696,"standard_error":0.001902708877906669}}