{"mean":{"confidence_interval":{"confidence_level":0.95,"lower_bound":0.013226168189502346,"upper_bound":0.014563301294080839},"point_estimate":0.01389432347663666,"standard_error":0.0003421985483322758},"median":{"confidence_interval":{"confidence_level":0.95,"lower_bound":0.014615237444764784,"upper_bound":0.015371588695928917},"point_estimate":0.014980525291777846,"standard_error":0.00020041392139480202}}