{"mean":{"confidence_interval":{"confidence_level":0.95,"lower_bound":0.014138281851572943,"upper_bound":0.0183748053976441},"point_estimate":0.015942586095645472,"standard_error":0.0010924711579482923},"median":{"confidence_interval":{"confidence_level":0.95,"lower_bound":0.012264942472458013,"upper_bound":0.014393426643933616},"point_estimate":0.01321370199144356,"standard_error":0.0006012244076505412}}