{"mean":{"confidence_interval":{"confidence_level":0.95,"lower_bound":121904936.21675,"upper_bound":122179218.88425},"point_estimate":122009940.28,"standard_error":73579.51561846698},"median":{"confidence_interval":{"confidence_level":0.95,"lower_bound":121873319.0,"upper_bound":121953228.0},"point_estimate":121904367.0,"standard_error":19629.141015145247},"median_abs_dev":{"confidence_interval":{"confidence_level":0.95,"lower_bound":121885.28513610363,"upper_bound":185971.41029834747},"point_estimate":151468.34371089935,"standard_error":16156.506187855288},"slope":null,"std_dev":{"confidence_interval":{"confidence_level":0.95,"lower_bound":190364.3475393519,"upper_bound":1229447.9582463172},"point_estimate":741009.1132440334,"standard_error":345853.19300039206}}