{"mean":{"confidence_interval":{"confidence_level":0.95,"lower_bound":-0.012502774456461363,"upper_bound":-0.010727492252577053},"point_estimate":-0.011625805883359153,"standard_error":0.00044858204358250603},"median":{"confidence_interval":{"confidence_level":0.95,"lower_bound":-0.011770579822175864,"upper_bound":-0.011121872688846457},"point_estimate":-0.011348191452356438,"standard_error":0.00016481369886830747}}