{"mean":{"confidence_interval":{"confidence_level":0.95,"lower_bound":0.008169140696427152,"upper_bound":0.010468171213475723},"point_estimate":0.009321949308561672,"standard_error":0.0005892145383535918},"median":{"confidence_interval":{"confidence_level":0.95,"lower_bound":0.006405366087459896,"upper_bound":0.0087338875068661},"point_estimate":0.0071457709903599564,"standard_error":0.0005800059846212326}}