{"mean":{"confidence_interval":{"confidence_level":0.95,"lower_bound":473.728680260913,"upper_bound":480.65183735489313},"point_estimate":477.0748672012595,"standard_error":1.7628334889366508},"median":{"confidence_interval":{"confidence_level":0.95,"lower_bound":471.36196148671803,"upper_bound":479.36177082916134},"point_estimate":476.31163622648756,"standard_error":2.134065502150409}}