{"mean":{"confidence_interval":{"confidence_level":0.95,"lower_bound":-0.00528934499835485,"upper_bound":0.00011204499713657848},"point_estimate":-0.0021633116972755717,"standard_error":0.0013984200562127292},"median":{"confidence_interval":{"confidence_level":0.95,"lower_bound":-0.0019961570947970575,"upper_bound":-0.0006491217676315442},"point_estimate":-0.0013217020469384888,"standard_error":0.00034448028384952937}}