{"mean":{"confidence_interval":{"confidence_level":0.95,"lower_bound":0.034681516053871,"upper_bound":0.04018356047930643},"point_estimate":0.03729642095819696,"standard_error":0.0014033417224833184},"median":{"confidence_interval":{"confidence_level":0.95,"lower_bound":0.03310771775558097,"upper_bound":0.03810927419388643},"point_estimate":0.035554138937126334,"standard_error":0.0012894520939441998}}