{"mean":{"confidence_interval":{"confidence_level":0.95,"lower_bound":-0.015854301527452982,"upper_bound":-0.011006661135522743},"point_estimate":-0.01387307691942008,"standard_error":0.0012734233326363712},"median":{"confidence_interval":{"confidence_level":0.95,"lower_bound":-0.016416015914804016,"upper_bound":-0.014007964780301418},"point_estimate":-0.014939091553085593,"standard_error":0.0005606235852758273}}