{"mean":{"confidence_interval":{"confidence_level":0.95,"lower_bound":13.892819371265526,"upper_bound":14.015203251339623},"point_estimate":13.949261831559982,"standard_error":0.03149570746474087},"median":{"confidence_interval":{"confidence_level":0.95,"lower_bound":13.93772459683315,"upper_bound":14.00628949345594},"point_estimate":13.9640798679309,"standard_error":0.01873247105716521}}