{"mean":{"confidence_interval":{"confidence_level":0.95,"lower_bound":-0.007582581896382692,"upper_bound":-0.0022501970790559356},"point_estimate":-0.005083172176767348,"standard_error":0.0013189541297768895},"median":{"confidence_interval":{"confidence_level":0.95,"lower_bound":-0.008664060054325629,"upper_bound":-0.004663764336945708},"point_estimate":-0.0064019102933845495,"standard_error":0.001048812346233024}}