{"mean":{"confidence_interval":{"confidence_level":0.95,"lower_bound":35493015.917,"upper_bound":35522168.596875004},"point_estimate":35507826.835,"standard_error":7427.336665987541},"median":{"confidence_interval":{"confidence_level":0.95,"lower_bound":35507359.5,"upper_bound":35546192.75},"point_estimate":35536736.75,"standard_error":8990.528218154572},"median_abs_dev":{"confidence_interval":{"confidence_level":0.95,"lower_bound":36106.127808988094,"upper_bound":80541.87292009592},"point_estimate":51086.317943036556,"standard_error":10599.568184125712},"slope":null,"std_dev":{"confidence_interval":{"confidence_level":0.95,"lower_bound":62656.98756656471,"upper_bound":85265.98071053854},"point_estimate":74765.73740695218,"standard_error":5755.023773298678}}