{"mean":{"confidence_interval":{"confidence_level":0.95,"lower_bound":-0.026694026868344975,"upper_bound":-0.009497975094789824},"point_estimate":-0.01683330916170911,"standard_error":0.004470131179938569},"median":{"confidence_interval":{"confidence_level":0.95,"lower_bound":-0.012485549406741736,"upper_bound":-0.007075136555549366},"point_estimate":-0.009290315156318396,"standard_error":0.0013677707109539896}}