{"mean":{"confidence_interval":{"confidence_level":0.95,"lower_bound":-0.009861222528155134,"upper_bound":-0.0062927434723902154},"point_estimate":-0.008124554426336528,"standard_error":0.0009128299692244396},"median":{"confidence_interval":{"confidence_level":0.95,"lower_bound":-0.010820209683431337,"upper_bound":-0.0008887977708025898},"point_estimate":-0.0021829191293852857,"standard_error":0.0022912259380148555}}