{"mean":{"confidence_interval":{"confidence_level":0.95,"lower_bound":0.02698192825274431,"upper_bound":0.036951142411348205},"point_estimate":0.03148036172019153,"standard_error":0.0024455061866825735},"median":{"confidence_interval":{"confidence_level":0.95,"lower_bound":0.02230299084421694,"upper_bound":0.02633870684665851},"point_estimate":0.024267243631188373,"standard_error":0.0010765981523377397}}