{"mean":{"confidence_interval":{"confidence_level":0.95,"lower_bound":-0.023282664626778145,"upper_bound":-0.02232138549912336},"point_estimate":-0.022819024215966266,"standard_error":0.00024570917541230284},"median":{"confidence_interval":{"confidence_level":0.95,"lower_bound":-0.022887602605079535,"upper_bound":-0.022396383723142566},"point_estimate":-0.022642591415016122,"standard_error":0.0001291696720400344}}