{"mean":{"confidence_interval":{"confidence_level":0.95,"lower_bound":0.0003542629431996593,"upper_bound":0.01981325199128015},"point_estimate":0.010285492857312173,"standard_error":0.004949249973397955},"median":{"confidence_interval":{"confidence_level":0.95,"lower_bound":0.0017065173099215514,"upper_bound":0.018933208286151304},"point_estimate":0.006634034079747941,"standard_error":0.004075988581433899}}