{"mean":{"confidence_interval":{"confidence_level":0.95,"lower_bound":25.53609296084383,"upper_bound":26.161706044992254},"point_estimate":25.830880573517344,"standard_error":0.15727410370870296},"median":{"confidence_interval":{"confidence_level":0.95,"lower_bound":25.60124352283121,"upper_bound":25.759383826709833},"point_estimate":25.682971150851372,"standard_error":0.03882952267177901}}