{"mean":{"confidence_interval":{"confidence_level":0.95,"lower_bound":-0.028146038872946186,"upper_bound":-0.010261728682662095},"point_estimate":-0.019539408336791908,"standard_error":0.0045714672536239995},"median":{"confidence_interval":{"confidence_level":0.95,"lower_bound":-0.012542134856432963,"upper_bound":0.0010181767473228882},"point_estimate":-0.004735086818128065,"standard_error":0.0037949861842678663}}