{"mean":{"confidence_interval":{"confidence_level":0.95,"lower_bound":4473274.561312502,"upper_bound":4485558.359520835},"point_estimate":4479483.997500001,"standard_error":3135.3731052387598},"median":{"confidence_interval":{"confidence_level":0.95,"lower_bound":4477087.166666667,"upper_bound":4480599.666666667},"point_estimate":4478412.583333334,"standard_error":841.8602523482054},"median_abs_dev":{"confidence_interval":{"confidence_level":0.95,"lower_bound":7502.450066805806,"upper_bound":30861.430402100086},"point_estimate":11242.493825406757,"standard_error":5870.01009725902},"slope":null,"std_dev":{"confidence_interval":{"confidence_level":0.95,"lower_bound":25035.306929024122,"upper_bound":37213.910492733026},"point_estimate":31465.4501917845,"standard_error":3103.1728156443237}}