{"mean":{"confidence_interval":{"confidence_level":0.95,"lower_bound":0.015002905157297963,"upper_bound":0.02501927609694441},"point_estimate":0.019660980665555883,"standard_error":0.0027017356971530534},"median":{"confidence_interval":{"confidence_level":0.95,"lower_bound":0.011512694230233267,"upper_bound":0.01606797143137273},"point_estimate":0.013569459727478028,"standard_error":0.0011730510718794569}}