{"mean":{"confidence_interval":{"confidence_level":0.95,"lower_bound":0.028312814496468615,"upper_bound":0.03188711260575737},"point_estimate":0.030154292036505215,"standard_error":0.0009120673436276696},"median":{"confidence_interval":{"confidence_level":0.95,"lower_bound":0.028747973773083562,"upper_bound":0.03204538114373275},"point_estimate":0.03058611664952937,"standard_error":0.0008582992759036867}}