{"mean":{"confidence_interval":{"confidence_level":0.95,"lower_bound":-0.004736671541348367,"upper_bound":-0.0036286320875697415},"point_estimate":-0.004193593925483352,"standard_error":0.0002823111506290097},"median":{"confidence_interval":{"confidence_level":0.95,"lower_bound":-0.004396837671963671,"upper_bound":-0.003921772598763806},"point_estimate":-0.004135018354876729,"standard_error":0.00012366567734932243}}