{"mean":{"confidence_interval":{"confidence_level":0.95,"lower_bound":-0.01998829953676806,"upper_bound":-0.014291201394220823},"point_estimate":-0.01661852208546899,"standard_error":0.00149200032296345},"median":{"confidence_interval":{"confidence_level":0.95,"lower_bound":-0.015120284618857229,"upper_bound":-0.013459822662663101},"point_estimate":-0.014091300896738601,"standard_error":0.00043977820216161985}}