{"mean":{"confidence_interval":{"confidence_level":0.95,"lower_bound":-0.013406878753912761,"upper_bound":0.00045569977279515925},"point_estimate":-0.004444744796997191,"standard_error":0.004259082390911477},"median":{"confidence_interval":{"confidence_level":0.95,"lower_bound":-0.0007789286949253516,"upper_bound":-0.000042408410965255605},"point_estimate":-0.00044677716258367806,"standard_error":0.00018410970811175379}}