{"mean":{"confidence_interval":{"confidence_level":0.95,"lower_bound":-0.003724731227784042,"upper_bound":-0.0018326744697265752},"point_estimate":-0.0027705098535960593,"standard_error":0.00048468159609326003},"median":{"confidence_interval":{"confidence_level":0.95,"lower_bound":-0.0006265925228424729,"upper_bound":0.0003061144742286803},"point_estimate":-0.00017542356477329157,"standard_error":0.00023582536576053416}}