{"mean":{"confidence_interval":{"confidence_level":0.95,"lower_bound":11974099.987600002,"upper_bound":11996346.53615},"point_estimate":11984802.932000004,"standard_error":5672.132243178777},"median":{"confidence_interval":{"confidence_level":0.95,"lower_bound":11975729.7,"upper_bound":11987140.100000001},"point_estimate":11982542.4,"standard_error":2873.6413723267387},"median_abs_dev":{"confidence_interval":{"confidence_level":0.95,"lower_bound":17756.210324763422,"upper_bound":32975.39557456915},"point_estimate":22738.19101631669,"standard_error":3925.231485558416},"slope":null,"std_dev":{"confidence_interval":{"confidence_level":0.95,"lower_bound":40366.42463372075,"upper_bound":72665.48753276703},"point_estimate":56851.85307917348,"standard_error":8339.665130122807}}