{"mean":{"confidence_interval":{"confidence_level":0.95,"lower_bound":17375017.289833337,"upper_bound":17394852.218250006},"point_estimate":17385279.913333334,"standard_error":5058.570408751382},"median":{"confidence_interval":{"confidence_level":0.95,"lower_bound":17387249.833333336,"upper_bound":17408089.0},"point_estimate":17401171.166666664,"standard_error":5365.071560567518},"median_abs_dev":{"confidence_interval":{"confidence_level":0.95,"lower_bound":27657.902508974075,"upper_bound":48144.22184527013},"point_estimate":37602.44183242873,"standard_error":5525.1396682784225},"slope":null,"std_dev":{"confidence_interval":{"confidence_level":0.95,"lower_bound":40569.80440081247,"upper_bound":60463.509846775596},"point_estimate":50767.801653915485,"standard_error":5076.4170093339735}}