{"mean":{"confidence_interval":{"confidence_level":0.95,"lower_bound":0.01414651867552712,"upper_bound":0.01915184356219129},"point_estimate":0.016592673987433804,"standard_error":0.0012727092152567238},"median":{"confidence_interval":{"confidence_level":0.95,"lower_bound":0.01018326920030036,"upper_bound":0.013676715503915596},"point_estimate":0.011642177015063204,"standard_error":0.0009079768199894561}}