{"mean":{"confidence_interval":{"confidence_level":0.95,"lower_bound":0.0115929781211069,"upper_bound":0.021303697596734457},"point_estimate":0.016264692938767977,"standard_error":0.002513710274651552},"median":{"confidence_interval":{"confidence_level":0.95,"lower_bound":0.012312980751550953,"upper_bound":0.014059565249056494},"point_estimate":0.013232786340737546,"standard_error":0.0004409070695519885}}