{"mean":{"confidence_interval":{"confidence_level":0.95,"lower_bound":-0.010228812259899602,"upper_bound":-0.007718370789338411},"point_estimate":-0.0090417509928713,"standard_error":0.0006424761477891192},"median":{"confidence_interval":{"confidence_level":0.95,"lower_bound":-0.010279438186169165,"upper_bound":-0.008034364431860563},"point_estimate":-0.009284396487602598,"standard_error":0.0005810288229423371}}