{"mean":{"confidence_interval":{"confidence_level":0.95,"lower_bound":-0.01808536819532259,"upper_bound":-0.008961866446417605},"point_estimate":-0.013459567191780542,"standard_error":0.002318594845502927},"median":{"confidence_interval":{"confidence_level":0.95,"lower_bound":-0.015924989545887586,"upper_bound":-0.009776046023968088},"point_estimate":-0.013793089928453739,"standard_error":0.0015993125858292715}}