{"mean":{"confidence_interval":{"confidence_level":0.95,"lower_bound":0.0004323083779371739,"upper_bound":0.004002748532163458},"point_estimate":0.001967960190768725,"standard_error":0.0009278447635916765},"median":{"confidence_interval":{"confidence_level":0.95,"lower_bound":-0.001377039514365519,"upper_bound":0.0003125548853981641},"point_estimate":-0.0006631168493600459,"standard_error":0.00043872492147321347}}