{"mean":{"confidence_interval":{"confidence_level":0.95,"lower_bound":0.004565221496714894,"upper_bound":0.006668691279879473},"point_estimate":0.005604323050450555,"standard_error":0.0005345854011307807},"median":{"confidence_interval":{"confidence_level":0.95,"lower_bound":0.0047875371985146575,"upper_bound":0.007181150310356932},"point_estimate":0.006005455184042718,"standard_error":0.0006328634507704211}}