{"mean":{"confidence_interval":{"confidence_level":0.95,"lower_bound":-0.0015893209742500773,"upper_bound":0.000030094336277413915},"point_estimate":-0.0008185862190535076,"standard_error":0.0004127956226025774},"median":{"confidence_interval":{"confidence_level":0.95,"lower_bound":-0.0018888880254521734,"upper_bound":-0.0004247748537428153},"point_estimate":-0.0012732291983396093,"standard_error":0.0003665617211081375}}