{"mean":{"confidence_interval":{"confidence_level":0.95,"lower_bound":-0.0018380363945639576,"upper_bound":0.000016396072395788546},"point_estimate":-0.0009233981338941932,"standard_error":0.0004736773420985698},"median":{"confidence_interval":{"confidence_level":0.95,"lower_bound":-0.002728995291355507,"upper_bound":-0.0004277848912899151},"point_estimate":-0.0017507580000791778,"standard_error":0.0005899847063635289}}