{"mean":{"confidence_interval":{"confidence_level":0.95,"lower_bound":0.05815655206446406,"upper_bound":0.06175902176513203},"point_estimate":0.06010917268928018,"standard_error":0.0009240257081486099},"median":{"confidence_interval":{"confidence_level":0.95,"lower_bound":0.059273503633542335,"upper_bound":0.06159262033650181},"point_estimate":0.06036423720776285,"standard_error":0.0006142958643074451}}