{"mean":{"confidence_interval":{"confidence_level":0.95,"lower_bound":-0.008828517850721041,"upper_bound":-0.00041717334307786306},"point_estimate":-0.004691206232947609,"standard_error":0.002140764593642297},"median":{"confidence_interval":{"confidence_level":0.95,"lower_bound":-0.006910273880608497,"upper_bound":0.00014357668290654324},"point_estimate":-0.0026401229326651343,"standard_error":0.00181493506605778}}