{"mean":{"confidence_interval":{"confidence_level":0.95,"lower_bound":-0.004449873993479181,"upper_bound":0.0023732386354142574},"point_estimate":-0.0005970650469229177,"standard_error":0.0017599281168523572},"median":{"confidence_interval":{"confidence_level":0.95,"lower_bound":-0.0020819067083919385,"upper_bound":0.0030654510122173676},"point_estimate":-0.00032167602921040483,"standard_error":0.0013516111156236473}}