{"mean":{"confidence_interval":{"confidence_level":0.95,"lower_bound":456.40426733567705,"upper_bound":458.0607881976811},"point_estimate":457.3011051191028,"standard_error":0.42176187843407886},"median":{"confidence_interval":{"confidence_level":0.95,"lower_bound":456.7799226907498,"upper_bound":457.5702857912523},"point_estimate":457.1568450472454,"standard_error":0.1960834844840346}}