{"mean":{"confidence_interval":{"confidence_level":0.95,"lower_bound":14.146441406734379,"upper_bound":14.889640925517906},"point_estimate":14.45665676301803,"standard_error":0.17991551999859579},"median":{"confidence_interval":{"confidence_level":0.95,"lower_bound":13.833312264471209,"upper_bound":14.051818714818511},"point_estimate":13.978624495452037,"standard_error":0.0563111163307319}}