{"mean":{"confidence_interval":{"confidence_level":0.95,"lower_bound":-0.0071447825708439135,"upper_bound":-0.0032615577999867674},"point_estimate":-0.0051435528121202,"standard_error":0.0009907422864125208},"median":{"confidence_interval":{"confidence_level":0.95,"lower_bound":-0.007510035608929155,"upper_bound":-0.003593174945858091},"point_estimate":-0.005836692771876595,"standard_error":0.0010249739763381566}}