{"mean":{"confidence_interval":{"confidence_level":0.95,"lower_bound":-0.014419732037924253,"upper_bound":-0.009722626643835072},"point_estimate":-0.012011893002936591,"standard_error":0.0011911795737224139},"median":{"confidence_interval":{"confidence_level":0.95,"lower_bound":-0.012046928969007165,"upper_bound":-0.009663212844577957},"point_estimate":-0.010773423296054019,"standard_error":0.0006275462620885842}}