{"mean":{"confidence_interval":{"confidence_level":0.95,"lower_bound":0.0025427806338683377,"upper_bound":0.012358449414581812},"point_estimate":0.007317551608552408,"standard_error":0.0025111250196110406},"median":{"confidence_interval":{"confidence_level":0.95,"lower_bound":0.0013505152446069424,"upper_bound":0.00678102914851908},"point_estimate":0.003483842268539039,"standard_error":0.0013288531328052055}}