{"mean":{"confidence_interval":{"confidence_level":0.95,"lower_bound":-0.013197981958803557,"upper_bound":-0.011023768394714977},"point_estimate":-0.012176558945392935,"standard_error":0.0005601114443076593},"median":{"confidence_interval":{"confidence_level":0.95,"lower_bound":-0.013512795714780479,"upper_bound":-0.0110009867826113},"point_estimate":-0.012403446532630813,"standard_error":0.0006543512350005114}}