{"mean":{"confidence_interval":{"confidence_level":0.95,"lower_bound":5390477.548525,"upper_bound":5402394.954799999},"point_estimate":5396329.004,"standard_error":3038.236736321026},"median":{"confidence_interval":{"confidence_level":0.95,"lower_bound":5384316.7,"upper_bound":5395091.9},"point_estimate":5387397.0,"standard_error":2945.8855576819706},"median_abs_dev":{"confidence_interval":{"confidence_level":0.95,"lower_bound":11060.195803642273,"upper_bound":26463.668230175972},"point_estimate":16868.13294053064,"standard_error":4273.162567198849},"slope":null,"std_dev":{"confidence_interval":{"confidence_level":0.95,"lower_bound":23566.78335465441,"upper_bound":37073.98835647277},"point_estimate":30536.064292772084,"standard_error":3461.1061835397863}}