{"mean":{"confidence_interval":{"confidence_level":0.95,"lower_bound":0.004369568137836107,"upper_bound":0.010670952782606512},"point_estimate":0.007523057961504653,"standard_error":0.0016157898196625272},"median":{"confidence_interval":{"confidence_level":0.95,"lower_bound":0.0027622388044545865,"upper_bound":0.008447627900150556},"point_estimate":0.0055731703929873255,"standard_error":0.0014454608257161324}}