{"mean":{"confidence_interval":{"confidence_level":0.95,"lower_bound":-0.0014570687722583406,"upper_bound":0.0019651013976507855},"point_estimate":0.00025287347762525947,"standard_error":0.0008714370047102657},"median":{"confidence_interval":{"confidence_level":0.95,"lower_bound":-0.0026287121534656066,"upper_bound":0.003550899744934055},"point_estimate":0.00008536085672572469,"standard_error":0.0014887661631974476}}