{"mean":{"confidence_interval":{"confidence_level":0.95,"lower_bound":0.01796320133513671,"upper_bound":0.026903041658576526},"point_estimate":0.02184668732528028,"standard_error":0.002294248710666819},"median":{"confidence_interval":{"confidence_level":0.95,"lower_bound":0.015237828912719123,"upper_bound":0.020363604947062797},"point_estimate":0.018365572116740392,"standard_error":0.0013296482104112049}}