{"mean":{"confidence_interval":{"confidence_level":0.95,"lower_bound":-0.01245480670034175,"upper_bound":-0.007285921639172234},"point_estimate":-0.009935854801516153,"standard_error":0.001309798425705061},"median":{"confidence_interval":{"confidence_level":0.95,"lower_bound":-0.014142703749470575,"upper_bound":-0.007700118480514773},"point_estimate":-0.010654080177214587,"standard_error":0.0015926045301608027}}