{"mean":{"confidence_interval":{"confidence_level":0.95,"lower_bound":0.007906618978182478,"upper_bound":0.012349401794907061},"point_estimate":0.010065112436647095,"standard_error":0.001131884944965581},"median":{"confidence_interval":{"confidence_level":0.95,"lower_bound":0.007396199342569965,"upper_bound":0.013097729339317743},"point_estimate":0.009578563330182144,"standard_error":0.0014280018054335078}}