{"mean":{"confidence_interval":{"confidence_level":0.95,"lower_bound":-0.006239903570929575,"upper_bound":-0.0054328694101659055},"point_estimate":-0.005832374133072804,"standard_error":0.00020691867334442864},"median":{"confidence_interval":{"confidence_level":0.95,"lower_bound":-0.00577482515379335,"upper_bound":-0.0053262808090212},"point_estimate":-0.005506850276373765,"standard_error":0.00010760781801842614}}