{"mean":{"confidence_interval":{"confidence_level":0.95,"lower_bound":-0.016297927884359104,"upper_bound":-0.012801069659720573},"point_estimate":-0.014638314374639805,"standard_error":0.0009084188469838508},"median":{"confidence_interval":{"confidence_level":0.95,"lower_bound":-0.017413294056562,"upper_bound":-0.01501524910643759},"point_estimate":-0.016066297494084614,"standard_error":0.000638428243441384}}