{"mean":{"confidence_interval":{"confidence_level":0.95,"lower_bound":9313158.61775,"upper_bound":9336436.71266667},"point_estimate":9324232.064999998,"standard_error":5958.692955416134},"median":{"confidence_interval":{"confidence_level":0.95,"lower_bound":9308203.083333332,"upper_bound":9324610.5},"point_estimate":9314409.666666668,"standard_error":5345.28009113683},"median_abs_dev":{"confidence_interval":{"confidence_level":0.95,"lower_bound":27585.996410250664,"upper_bound":48513.76297745942},"point_estimate":39318.18065196276,"standard_error":5434.999803679897},"slope":null,"std_dev":{"confidence_interval":{"confidence_level":0.95,"lower_bound":42501.71583258088,"upper_bound":76285.1325789997},"point_estimate":60029.01004206803,"standard_error":8675.080322838512}}