{"mean":{"confidence_interval":{"confidence_level":0.95,"lower_bound":9101427.846458338,"upper_bound":9110777.08095833},"point_estimate":9105722.45,"standard_error":2391.5530494539703},"median":{"confidence_interval":{"confidence_level":0.95,"lower_bound":9098067.333333334,"upper_bound":9102564.166666666},"point_estimate":9099975.083333332,"standard_error":1200.7721430301383},"median_abs_dev":{"confidence_interval":{"confidence_level":0.95,"lower_bound":5285.716006158862,"upper_bound":12072.564485668676},"point_estimate":8398.681750893133,"standard_error":1892.8488267075384},"slope":null,"std_dev":{"confidence_interval":{"confidence_level":0.95,"lower_bound":13385.239477149189,"upper_bound":33668.8334239104},"point_estimate":24026.608637691366,"standard_error":5306.96286999656}}