{"mean":{"confidence_interval":{"confidence_level":0.95,"lower_bound":4284674.650312501,"upper_bound":4302100.554333333},"point_estimate":4293015.765000001,"standard_error":4443.080029392461},"median":{"confidence_interval":{"confidence_level":0.95,"lower_bound":4280824.083333333,"upper_bound":4294903.875},"point_estimate":4288309.0,"standard_error":3222.0070127072618},"median_abs_dev":{"confidence_interval":{"confidence_level":0.95,"lower_bound":23545.91148197651,"upper_bound":37068.45874190354},"point_estimate":30684.32148024486,"standard_error":3470.941789765809},"slope":null,"std_dev":{"confidence_interval":{"confidence_level":0.95,"lower_bound":32433.00051130476,"upper_bound":57601.25932948375},"point_estimate":44619.95974814545,"standard_error":6656.716562316621}}