{"mean":{"confidence_interval":{"confidence_level":0.95,"lower_bound":0.004945110961904803,"upper_bound":0.0073912127664626445},"point_estimate":0.0062086908232805715,"standard_error":0.0006233848013738759},"median":{"confidence_interval":{"confidence_level":0.95,"lower_bound":0.0066140723118517375,"upper_bound":0.007439992827455288},"point_estimate":0.006987655908766266,"standard_error":0.00020227559687029104}}