{"mean":{"confidence_interval":{"confidence_level":0.95,"lower_bound":-0.013940362051171568,"upper_bound":-0.011038207926067542},"point_estimate":-0.01252981551764587,"standard_error":0.0007448249412599055},"median":{"confidence_interval":{"confidence_level":0.95,"lower_bound":-0.015002149341055038,"upper_bound":-0.012080200940729051},"point_estimate":-0.013313599518864017,"standard_error":0.000720083824169549}}