{"mean":{"confidence_interval":{"confidence_level":0.95,"lower_bound":0.04581525667042914,"upper_bound":0.0486722769074358},"point_estimate":0.047308856723588866,"standard_error":0.0007259275995831748},"median":{"confidence_interval":{"confidence_level":0.95,"lower_bound":0.04775419516773005,"upper_bound":0.04987730329293131},"point_estimate":0.049003816228131436,"standard_error":0.0005323747717475703}}