{"mean":{"confidence_interval":{"confidence_level":0.95,"lower_bound":-0.011703887639633776,"upper_bound":-0.010644595519134154},"point_estimate":-0.011164462386613616,"standard_error":0.00026963633502140945},"median":{"confidence_interval":{"confidence_level":0.95,"lower_bound":-0.010332850317578357,"upper_bound":-0.010058322272293974},"point_estimate":-0.01022984407034,"standard_error":0.00007303944255399764}}