{"mean":{"confidence_interval":{"confidence_level":0.95,"lower_bound":4569723.513750001,"upper_bound":4616910.53277273},"point_estimate":4588925.6827272745,"standard_error":12333.521922348944},"median":{"confidence_interval":{"confidence_level":0.95,"lower_bound":4562313.818181818,"upper_bound":4573844.090909091},"point_estimate":4568122.909090908,"standard_error":2873.654554443446},"median_abs_dev":{"confidence_interval":{"confidence_level":0.95,"lower_bound":18745.589721744396,"upper_bound":30539.807294174},"point_estimate":26261.697679215835,"standard_error":3036.1425888419103},"slope":null,"std_dev":{"confidence_interval":{"confidence_level":0.95,"lower_bound":38831.778310466434,"upper_bound":200406.4776882754},"point_estimate":124302.6589435124,"standard_error":49385.65321022209}}