{"mean":{"confidence_interval":{"confidence_level":0.95,"lower_bound":-0.006061227386950541,"upper_bound":0.0030197905191119176},"point_estimate":-0.001396709654665318,"standard_error":0.002319803462718439},"median":{"confidence_interval":{"confidence_level":0.95,"lower_bound":-0.0014511092491759081,"upper_bound":0.005017846027809858},"point_estimate":0.0021904048366305773,"standard_error":0.0016819197185184813}}