{"mean":{"confidence_interval":{"confidence_level":0.95,"lower_bound":-0.015874258253955005,"upper_bound":-0.014608976080878902},"point_estimate":-0.015251700326006201,"standard_error":0.0003211628687068479},"median":{"confidence_interval":{"confidence_level":0.95,"lower_bound":-0.016109767606100295,"upper_bound":-0.015030961876100535},"point_estimate":-0.015361388706435997,"standard_error":0.00027197548866150084}}