{"mean":{"confidence_interval":{"confidence_level":0.95,"lower_bound":252.26914968938425,"upper_bound":252.626004972017},"point_estimate":252.4424154924157,"standard_error":0.09109750151212782},"median":{"confidence_interval":{"confidence_level":0.95,"lower_bound":251.89650287079533,"upper_bound":252.17263973055987},"point_estimate":251.95264263719451,"standard_error":0.07055289515878818},"median_abs_dev":{"confidence_interval":{"confidence_level":0.95,"lower_bound":0.22803311567512888,"upper_bound":0.6880340263350747},"point_estimate":0.3542714826292354,"standard_error":0.12770174553069133},"slope":{"confidence_interval":{"confidence_level":0.95,"lower_bound":252.22516666639137,"upper_bound":252.71094417690114},"point_estimate":252.46091860663762,"standard_error":0.12401475060370337},"std_dev":{"confidence_interval":{"confidence_level":0.95,"lower_bound":0.7393442117957915,"upper_bound":1.0961275930809178},"point_estimate":0.9137058606898341,"standard_error":0.09208846631327239}}