{"mean":{"confidence_interval":{"confidence_level":0.95,"lower_bound":0.23078952076546638,"upper_bound":0.2312357806099035},"point_estimate":0.23100906566576884,"standard_error":0.00011407325106213913},"median":{"confidence_interval":{"confidence_level":0.95,"lower_bound":0.23093401511680192,"upper_bound":0.2312444151269163},"point_estimate":0.23114995735814367,"standard_error":0.00007833494830151797},"median_abs_dev":{"confidence_interval":{"confidence_level":0.95,"lower_bound":0.000693481429735832,"upper_bound":0.0015252722610598383},"point_estimate":0.001134861868419026,"standard_error":0.0002222052638096239},"slope":{"confidence_interval":{"confidence_level":0.95,"lower_bound":0.23074726907127704,"upper_bound":0.23148228720591504},"point_estimate":0.2311047199151982,"standard_error":0.0001878657610595272},"std_dev":{"confidence_interval":{"confidence_level":0.95,"lower_bound":0.0009538804884839259,"upper_bound":0.0013253777413207892},"point_estimate":0.0011468558231288442,"standard_error":0.00009515595119607753}}