{"mean":{"confidence_interval":{"confidence_level":0.95,"lower_bound":25.58408556712616,"upper_bound":25.834823412366898},"point_estimate":25.70677822830514,"standard_error":0.06482276645140003},"median":{"confidence_interval":{"confidence_level":0.95,"lower_bound":25.603458206056732,"upper_bound":25.72876338417449},"point_estimate":25.638205479784418,"standard_error":0.03214638956239504}}