{"mean":{"confidence_interval":{"confidence_level":0.95,"lower_bound":0.015797576166160947,"upper_bound":0.020427865316133897},"point_estimate":0.018162529703994457,"standard_error":0.0011750302096124425},"median":{"confidence_interval":{"confidence_level":0.95,"lower_bound":0.017474166736612264,"upper_bound":0.021298662279763736},"point_estimate":0.01870315554090851,"standard_error":0.0009018987906970018}}