{"mean":{"confidence_interval":{"confidence_level":0.95,"lower_bound":-0.018516563327986974,"upper_bound":-0.015161277869294575},"point_estimate":-0.017146912334565223,"standard_error":0.0008913712489014418},"median":{"confidence_interval":{"confidence_level":0.95,"lower_bound":-0.01963317534515674,"upper_bound":-0.01831402368364554},"point_estimate":-0.019019990317285074,"standard_error":0.00033058976528256985}}