{"mean":{"confidence_interval":{"confidence_level":0.95,"lower_bound":0.0005375678338484292,"upper_bound":0.008474218803479898},"point_estimate":0.004960215842311433,"standard_error":0.002041284152571903},"median":{"confidence_interval":{"confidence_level":0.95,"lower_bound":0.007102893046379677,"upper_bound":0.009327897845439193},"point_estimate":0.008584908284100523,"standard_error":0.0006189088498371926}}