{"mean":{"confidence_interval":{"confidence_level":0.95,"lower_bound":0.01677524473107218,"upper_bound":0.026988152883800267},"point_estimate":0.021303321147674525,"standard_error":0.002661937517857038},"median":{"confidence_interval":{"confidence_level":0.95,"lower_bound":0.014555915478715372,"upper_bound":0.017970660884692125},"point_estimate":0.01618655480976683,"standard_error":0.0008422425282179161}}