{"mean":{"confidence_interval":{"confidence_level":0.95,"lower_bound":-0.011338933873670328,"upper_bound":-0.000844143640046123},"point_estimate":-0.0066338880588890925,"standard_error":0.0026776205428005284},"median":{"confidence_interval":{"confidence_level":0.95,"lower_bound":-0.014048927732542404,"upper_bound":-0.009262724848568493},"point_estimate":-0.01209241922823634,"standard_error":0.0012723479626868311}}