{"mean":{"confidence_interval":{"confidence_level":0.95,"lower_bound":4489775.121770832,"upper_bound":4496470.5745625},"point_estimate":4493205.483333332,"standard_error":1708.5214325638083},"median":{"confidence_interval":{"confidence_level":0.95,"lower_bound":4489639.871875,"upper_bound":4498524.916666667},"point_estimate":4495358.541666667,"standard_error":2510.312696566866},"median_abs_dev":{"confidence_interval":{"confidence_level":0.95,"lower_bound":12670.422925054567,"upper_bound":21085.042625666127},"point_estimate":15409.71170142247,"standard_error":2162.577814620605},"slope":null,"std_dev":{"confidence_interval":{"confidence_level":0.95,"lower_bound":13719.002632692776,"upper_bound":20533.785333690743},"point_estimate":17179.6586191526,"standard_error":1749.7621796181807}}