{"mean":{"confidence_interval":{"confidence_level":0.95,"lower_bound":478.1300241056207,"upper_bound":485.5032668847167},"point_estimate":481.5865415514515,"standard_error":1.9575953646179458},"median":{"confidence_interval":{"confidence_level":0.95,"lower_bound":475.5579839600303,"upper_bound":486.6517586237092},"point_estimate":479.9223402050832,"standard_error":2.6224853457321897}}