{"mean":{"confidence_interval":{"confidence_level":0.95,"lower_bound":0.0024144974599679464,"upper_bound":0.012195662264793326},"point_estimate":0.008364752276635912,"standard_error":0.0025958713623367912},"median":{"confidence_interval":{"confidence_level":0.95,"lower_bound":0.010516014617762576,"upper_bound":0.01247081155221097},"point_estimate":0.011531837228032416,"standard_error":0.00044827862969313274}}