{"mean":{"confidence_interval":{"confidence_level":0.95,"lower_bound":-0.0004085307003021896,"upper_bound":0.014102243013130724},"point_estimate":0.0063355345436730826,"standard_error":0.003963897824505964},"median":{"confidence_interval":{"confidence_level":0.95,"lower_bound":-0.004476040233086009,"upper_bound":0.0006768653798627788},"point_estimate":-0.0017956640443145266,"standard_error":0.0016048078678883404}}