{"mean":{"confidence_interval":{"confidence_level":0.95,"lower_bound":-0.0011902891148761687,"upper_bound":0.009284369098858363},"point_estimate":0.004457915806021395,"standard_error":0.002680381931204547},"median":{"confidence_interval":{"confidence_level":0.95,"lower_bound":0.0033624320768901317,"upper_bound":0.007744754329975567},"point_estimate":0.005154323484812151,"standard_error":0.001119930983783587}}