{"mean":{"confidence_interval":{"confidence_level":0.95,"lower_bound":0.0023875438169795103,"upper_bound":0.009294616239678099},"point_estimate":0.00588971123243609,"standard_error":0.0017609515350089809},"median":{"confidence_interval":{"confidence_level":0.95,"lower_bound":0.005655281333237117,"upper_bound":0.011850857026206807},"point_estimate":0.00860652892520708,"standard_error":0.0016299693256573635}}