{"mean":{"confidence_interval":{"confidence_level":0.95,"lower_bound":0.004047045899092322,"upper_bound":0.0067083737704118395},"point_estimate":0.0052678407491382195,"standard_error":0.0006512795677774842},"median":{"confidence_interval":{"confidence_level":0.95,"lower_bound":0.0035741880009090288,"upper_bound":0.004625393160595737},"point_estimate":0.0038754033031023205,"standard_error":0.0002699455520317152}}