{"mean":{"confidence_interval":{"confidence_level":0.95,"lower_bound":0.009547587229056399,"upper_bound":0.011618572610547629},"point_estimate":0.010627314431889356,"standard_error":0.0005292009001309375},"median":{"confidence_interval":{"confidence_level":0.95,"lower_bound":0.007689239413665616,"upper_bound":0.012761467587528497},"point_estimate":0.01000209989518308,"standard_error":0.0014211225498635281}}