{"mean":{"confidence_interval":{"confidence_level":0.95,"lower_bound":0.02924605954734452,"upper_bound":0.03338292864177295},"point_estimate":0.03129381247206475,"standard_error":0.001056937713201743},"median":{"confidence_interval":{"confidence_level":0.95,"lower_bound":0.03009444155369123,"upper_bound":0.03465446562975161},"point_estimate":0.0319460618412275,"standard_error":0.0011477395967339377}}