{"mean":{"confidence_interval":{"confidence_level":0.95,"lower_bound":35452526.925125,"upper_bound":35544811.962625004},"point_estimate":35491630.675,"standard_error":23878.715074941094},"median":{"confidence_interval":{"confidence_level":0.95,"lower_bound":35467548.75,"upper_bound":35503373.0},"point_estimate":35494341.5,"standard_error":9080.3081030866},"median_abs_dev":{"confidence_interval":{"confidence_level":0.95,"lower_bound":45286.38684600592,"upper_bound":96294.86829042435},"point_estimate":67952.7458935976,"standard_error":13265.701585756507},"slope":null,"std_dev":{"confidence_interval":{"confidence_level":0.95,"lower_bound":93998.8716824936,"upper_bound":379426.65528470377},"point_estimate":240946.98334986644,"standard_error":85457.22464326426}}