{"mean":{"confidence_interval":{"confidence_level":0.95,"lower_bound":84380.99004575661,"upper_bound":84502.00392385508},"point_estimate":84437.87812725065,"standard_error":30.89471041142271},"median":{"confidence_interval":{"confidence_level":0.95,"lower_bound":84314.091796875,"upper_bound":84395.5611111111},"point_estimate":84361.24572649572,"standard_error":21.24163720113704},"median_abs_dev":{"confidence_interval":{"confidence_level":0.95,"lower_bound":133.8100193635199,"upper_bound":241.3910507414767},"point_estimate":193.02194835721988,"standard_error":29.78572503604888},"slope":{"confidence_interval":{"confidence_level":0.95,"lower_bound":84355.93430984589,"upper_bound":84484.95350590031},"point_estimate":84418.4802827447,"standard_error":33.07567728972047},"std_dev":{"confidence_interval":{"confidence_level":0.95,"lower_bound":208.91427594887466,"upper_bound":408.5281507811572},"point_estimate":310.4748804408017,"standard_error":51.87152225847992}}