{"mean":{"confidence_interval":{"confidence_level":0.95,"lower_bound":75900942.2265,"upper_bound":76073244.60274999},"point_estimate":75964486.44,"standard_error":48503.62401864571},"median":{"confidence_interval":{"confidence_level":0.95,"lower_bound":75876660.0,"upper_bound":75911497.0},"point_estimate":75890473.5,"standard_error":9258.483414346056},"median_abs_dev":{"confidence_interval":{"confidence_level":0.95,"lower_bound":55902.91460752487,"upper_bound":101801.35578766462},"point_estimate":76342.0378446579,"standard_error":11538.228513994332},"slope":null,"std_dev":{"confidence_interval":{"confidence_level":0.95,"lower_bound":89860.04738530751,"upper_bound":822758.4839011271},"point_estimate":487177.0205162777,"standard_error":254042.49267718758}}