{"mean":{"confidence_interval":{"confidence_level":0.95,"lower_bound":11769187.632499998,"upper_bound":11799559.861649998},"point_estimate":11783539.856,"standard_error":7772.256055595022},"median":{"confidence_interval":{"confidence_level":0.95,"lower_bound":11754911.6,"upper_bound":11766461.4},"point_estimate":11757797.1,"standard_error":2876.967680164476},"median_abs_dev":{"confidence_interval":{"confidence_level":0.95,"lower_bound":14621.993980408268,"upper_bound":48237.87274360933},"point_estimate":27494.51999187304,"standard_error":8450.927920034419},"slope":null,"std_dev":{"confidence_interval":{"confidence_level":0.95,"lower_bound":54303.78529273691,"upper_bound":103018.75597272404},"point_estimate":78366.19040460605,"standard_error":12822.823683348843}}