{"mean":{"confidence_interval":{"confidence_level":0.95,"lower_bound":5955.722430535515,"upper_bound":6012.926873304641},"point_estimate":5989.111844676301,"standard_error":14.842384210369238},"median":{"confidence_interval":{"confidence_level":0.95,"lower_bound":5997.43161875643,"upper_bound":6017.66411837587},"point_estimate":6008.712317259735,"standard_error":4.961703143968657}}