{"mean":{"confidence_interval":{"confidence_level":0.95,"lower_bound":0.000560140666033111,"upper_bound":0.008348597064265127},"point_estimate":0.004346651904039378,"standard_error":0.0019758828244180768},"median":{"confidence_interval":{"confidence_level":0.95,"lower_bound":0.0023665697318671075,"upper_bound":0.006335595948920636},"point_estimate":0.004331331491445045,"standard_error":0.0009796736838401767}}