{"mean":{"confidence_interval":{"confidence_level":0.95,"lower_bound":-0.00701131801669515,"upper_bound":-0.004923554794956209},"point_estimate":-0.005930146612869391,"standard_error":0.0005388782107033545},"median":{"confidence_interval":{"confidence_level":0.95,"lower_bound":-0.007919263474930771,"upper_bound":-0.006228538232385561},"point_estimate":-0.007395647213580214,"standard_error":0.00047598174283895544}}