{"mean":{"confidence_interval":{"confidence_level":0.95,"lower_bound":0.012439247424854727,"upper_bound":0.016330120454664136},"point_estimate":0.014269526550905853,"standard_error":0.0009977208102076173},"median":{"confidence_interval":{"confidence_level":0.95,"lower_bound":0.012294231105157705,"upper_bound":0.015007475979720297},"point_estimate":0.013957352688135138,"standard_error":0.0007140150104702951}}