{"mean":{"confidence_interval":{"confidence_level":0.95,"lower_bound":0.00825483239038186,"upper_bound":0.010977559352177018},"point_estimate":0.009558452539417672,"standard_error":0.0006874590767478881},"median":{"confidence_interval":{"confidence_level":0.95,"lower_bound":0.007752355870468408,"upper_bound":0.01093158742100342},"point_estimate":0.009024467721536533,"standard_error":0.0008252445696730588}}