{"mean":{"confidence_interval":{"confidence_level":0.95,"lower_bound":4534610.919770832,"upper_bound":4551411.768645831},"point_estimate":4542681.254166666,"standard_error":4287.552944963118},"median":{"confidence_interval":{"confidence_level":0.95,"lower_bound":4524222.875,"upper_bound":4538737.541666666},"point_estimate":4530644.0,"standard_error":3535.749159970779},"median_abs_dev":{"confidence_interval":{"confidence_level":0.95,"lower_bound":19402.211348042332,"upper_bound":35386.88149675727},"point_estimate":24748.36183562921,"standard_error":4153.517709752832},"slope":null,"std_dev":{"confidence_interval":{"confidence_level":0.95,"lower_bound":33216.03122897766,"upper_bound":51389.77494966431},"point_estimate":43020.416206385315,"standard_error":4639.962431472218}}