{"mean":{"confidence_interval":{"confidence_level":0.95,"lower_bound":35479168.456875004,"upper_bound":35515618.858625},"point_estimate":35498021.465,"standard_error":9277.838435019845},"median":{"confidence_interval":{"confidence_level":0.95,"lower_bound":35513784.25,"upper_bound":35543675.5},"point_estimate":35521746.25,"standard_error":7357.840248615373},"median_abs_dev":{"confidence_interval":{"confidence_level":0.95,"lower_bound":34888.17193061113,"upper_bound":71102.15888768435},"point_estimate":54878.80867570639,"standard_error":9794.803920441545},"slope":null,"std_dev":{"confidence_interval":{"confidence_level":0.95,"lower_bound":72527.24656935855,"upper_bound":112730.58880967584},"point_estimate":93504.06818074695,"standard_error":10262.83911181957}}