{"mean":{"confidence_interval":{"confidence_level":0.95,"lower_bound":0.02075255618284323,"upper_bound":0.02779762091804579},"point_estimate":0.023882523165889902,"standard_error":0.0018595549174647721},"median":{"confidence_interval":{"confidence_level":0.95,"lower_bound":0.017459956710099034,"upper_bound":0.019910864233041226},"point_estimate":0.018711590432498815,"standard_error":0.0006278071674122315}}