{"mean":{"confidence_interval":{"confidence_level":0.95,"lower_bound":0.01546486263965971,"upper_bound":0.018605009767466398},"point_estimate":0.0170800182678148,"standard_error":0.0008031476137785297},"median":{"confidence_interval":{"confidence_level":0.95,"lower_bound":0.01821693204503617,"upper_bound":0.01957792899642352},"point_estimate":0.01911457546754236,"standard_error":0.00034888104672466217}}