{"mean":{"confidence_interval":{"confidence_level":0.95,"lower_bound":-0.016102513090751502,"upper_bound":-0.00836455277028231},"point_estimate":-0.012712493342599385,"standard_error":0.0019881052733625054},"median":{"confidence_interval":{"confidence_level":0.95,"lower_bound":-0.019341039499786716,"upper_bound":-0.01367447071740402},"point_estimate":-0.01683941270238598,"standard_error":0.0014367912209165385}}