{"mean":{"confidence_interval":{"confidence_level":0.95,"lower_bound":0.008013608935809269,"upper_bound":0.015825623143316505},"point_estimate":0.012255035895355926,"standard_error":0.00199582119909376},"median":{"confidence_interval":{"confidence_level":0.95,"lower_bound":0.013044858173783869,"upper_bound":0.01930420198486349},"point_estimate":0.016360313566523565,"standard_error":0.0015589347627641332}}