{"mean":{"confidence_interval":{"confidence_level":0.95,"lower_bound":0.024649985177949443,"upper_bound":0.03586159874481355},"point_estimate":0.03106195713469928,"standard_error":0.0028899701692937665},"median":{"confidence_interval":{"confidence_level":0.95,"lower_bound":0.03387040595805302,"upper_bound":0.038323287105339165},"point_estimate":0.03664966556105487,"standard_error":0.0012293461250912486}}