{"mean":{"confidence_interval":{"confidence_level":0.95,"lower_bound":77017101.064,"upper_bound":77094272.79},"point_estimate":77057147.42,"standard_error":19689.36479244681},"median":{"confidence_interval":{"confidence_level":0.95,"lower_bound":77074315.0,"upper_bound":77167460.0},"point_estimate":77147267.0,"standard_error":26473.574162224184},"median_abs_dev":{"confidence_interval":{"confidence_level":0.95,"lower_bound":81579.22958917917,"upper_bound":183980.31559869647},"point_estimate":110667.93373525143,"standard_error":26464.46638748607},"slope":null,"std_dev":{"confidence_interval":{"confidence_level":0.95,"lower_bound":159376.88355262522,"upper_bound":231123.34782765497},"point_estimate":198270.24197817597,"standard_error":18373.08693421593}}