{"mean":{"confidence_interval":{"confidence_level":0.95,"lower_bound":-0.0008369309658019015,"upper_bound":0.014149707201368274},"point_estimate":0.007002246913287102,"standard_error":0.0038179265140786778},"median":{"confidence_interval":{"confidence_level":0.95,"lower_bound":0.008662964357533998,"upper_bound":0.018069507214057694},"point_estimate":0.015245277998938267,"standard_error":0.0025435325861887805}}