{"mean":{"confidence_interval":{"confidence_level":0.95,"lower_bound":-0.016115382365446414,"upper_bound":-0.004764285426315047},"point_estimate":-0.010412941306511714,"standard_error":0.0028891333984276124},"median":{"confidence_interval":{"confidence_level":0.95,"lower_bound":-0.01247724013881979,"upper_bound":-0.005746424030930619},"point_estimate":-0.009502956118327632,"standard_error":0.0016402289356982416}}