{"mean":{"confidence_interval":{"confidence_level":0.95,"lower_bound":75423632.30075,"upper_bound":75453581.11850001},"point_estimate":75438047.8,"standard_error":7645.130544036415},"median":{"confidence_interval":{"confidence_level":0.95,"lower_bound":75409271.0,"upper_bound":75426669.0},"point_estimate":75415713.5,"standard_error":4487.869296521208},"median_abs_dev":{"confidence_interval":{"confidence_level":0.95,"lower_bound":28845.465087890625,"upper_bound":62058.66969823837},"point_estimate":44026.547518372536,"standard_error":8212.149141845466},"slope":null,"std_dev":{"confidence_interval":{"confidence_level":0.95,"lower_bound":57053.40532132743,"upper_bound":94517.00181660535},"point_estimate":76808.34034889385,"standard_error":9601.008859762076}}