{"mean":{"confidence_interval":{"confidence_level":0.95,"lower_bound":224.3598159485696,"upper_bound":226.7553249612582},"point_estimate":225.71218288084253,"standard_error":0.6166282593501027},"median":{"confidence_interval":{"confidence_level":0.95,"lower_bound":224.9349182142027,"upper_bound":225.54613654100103},"point_estimate":225.23070760260202,"standard_error":0.1582372828975025}}