{"mean":{"confidence_interval":{"confidence_level":0.95,"lower_bound":0.01337351345808908,"upper_bound":0.014475525701440155},"point_estimate":0.013924545360824991,"standard_error":0.00028151397398598713},"median":{"confidence_interval":{"confidence_level":0.95,"lower_bound":0.013878297343010049,"upper_bound":0.014492088344597365},"point_estimate":0.014038204714075464,"standard_error":0.0001628193180783118}}