{"mean":{"confidence_interval":{"confidence_level":0.95,"lower_bound":0.002898719355476931,"upper_bound":0.014058290858249167},"point_estimate":0.007148172661237018,"standard_error":0.002964848814288176},"median":{"confidence_interval":{"confidence_level":0.95,"lower_bound":0.0028131971394123045,"upper_bound":0.005452446562550284},"point_estimate":0.004237475259200041,"standard_error":0.0006561055106874264}}