{"mean":{"confidence_interval":{"confidence_level":0.95,"lower_bound":0.00862290745759065,"upper_bound":0.011353716569089239},"point_estimate":0.010102027388143142,"standard_error":0.0006981810300902673},"median":{"confidence_interval":{"confidence_level":0.95,"lower_bound":0.009555469776594272,"upper_bound":0.01180654296978334},"point_estimate":0.010337067961516011,"standard_error":0.0005789064244234672}}