{"mean":{"confidence_interval":{"confidence_level":0.95,"lower_bound":0.010191509931615227,"upper_bound":0.011443099977273651},"point_estimate":0.010768253556996177,"standard_error":0.0003290373487439257},"median":{"confidence_interval":{"confidence_level":0.95,"lower_bound":0.009490283467443739,"upper_bound":0.010343565863403459},"point_estimate":0.009923761848494639,"standard_error":0.00023664655294951568}}