{"mean":{"confidence_interval":{"confidence_level":0.95,"lower_bound":4555676.722999999,"upper_bound":4561894.480590911},"point_estimate":4558779.334545456,"standard_error":1583.3493299859667},"median":{"confidence_interval":{"confidence_level":0.95,"lower_bound":4555089.818181818,"upper_bound":4562822.454545454},"point_estimate":4558951.590909092,"standard_error":1982.9965161504342},"median_abs_dev":{"confidence_interval":{"confidence_level":0.95,"lower_bound":12812.224627083375,"upper_bound":20562.98772584233},"point_estimate":18708.45733149598,"standard_error":2193.401383883551},"slope":null,"std_dev":{"confidence_interval":{"confidence_level":0.95,"lower_bound":13792.422920677322,"upper_bound":17918.28278951376},"point_estimate":15963.025683869235,"standard_error":1053.2487863810923}}