{"mean":{"confidence_interval":{"confidence_level":0.95,"lower_bound":-0.014915029037359242,"upper_bound":-0.012652136258117161},"point_estimate":-0.013780004638888843,"standard_error":0.0005767631682468236},"median":{"confidence_interval":{"confidence_level":0.95,"lower_bound":-0.014752680286468589,"upper_bound":-0.012607317135744478},"point_estimate":-0.013519815220768283,"standard_error":0.0005545159935011154}}