{"mean":{"confidence_interval":{"confidence_level":0.95,"lower_bound":32802227.84175,"upper_bound":32914201.794125002},"point_estimate":32854168.39,"standard_error":28720.853530538865},"median":{"confidence_interval":{"confidence_level":0.95,"lower_bound":32747463.75,"upper_bound":32834853.5},"point_estimate":32790082.0,"standard_error":18367.274563633404},"median_abs_dev":{"confidence_interval":{"confidence_level":0.95,"lower_bound":117928.67058634761,"upper_bound":199253.2821625471},"point_estimate":167882.208019495,"standard_error":21070.703556635497},"slope":null,"std_dev":{"confidence_interval":{"confidence_level":0.95,"lower_bound":182867.5667173541,"upper_bound":395208.4243023133},"point_estimate":288430.3476811649,"standard_error":56479.61797944958}}