{"mean":{"confidence_interval":{"confidence_level":0.95,"lower_bound":0.03521535523880899,"upper_bound":0.037603205510175354},"point_estimate":0.03636763956180222,"standard_error":0.0006102069159970528},"median":{"confidence_interval":{"confidence_level":0.95,"lower_bound":0.035991253334095585,"upper_bound":0.038588414764224366},"point_estimate":0.03737232267856272,"standard_error":0.0006259772115636703}}