{"mean":{"confidence_interval":{"confidence_level":0.95,"lower_bound":2.6072658357326466,"upper_bound":2.6120845263744323},"point_estimate":2.609575756082786,"standard_error":0.0012263297979583413},"median":{"confidence_interval":{"confidence_level":0.95,"lower_bound":2.604631925017208,"upper_bound":2.609915073485826},"point_estimate":2.6076667880146216,"standard_error":0.0013774707925838549},"median_abs_dev":{"confidence_interval":{"confidence_level":0.95,"lower_bound":0.007355634394655597,"upper_bound":0.011342458283630756},"point_estimate":0.009638392894209962,"standard_error":0.001015968642533969},"slope":{"confidence_interval":{"confidence_level":0.95,"lower_bound":2.6062207775249675,"upper_bound":2.6123940240771426},"point_estimate":2.609100659790795,"standard_error":0.001584033132749619},"std_dev":{"confidence_interval":{"confidence_level":0.95,"lower_bound":0.008912566069670414,"upper_bound":0.015482326990730202},"point_estimate":0.012334513134832205,"standard_error":0.0016831076619005013}}