{"mean":{"confidence_interval":{"confidence_level":0.95,"lower_bound":-0.004613646767874254,"upper_bound":-0.0002157477577991819},"point_estimate":-0.0023543504161329665,"standard_error":0.0011144419023084802},"median":{"confidence_interval":{"confidence_level":0.95,"lower_bound":-0.0030474750046827204,"upper_bound":0.0012714709216534725},"point_estimate":-0.0008135205714393523,"standard_error":0.001133356710882763}}