{"mean":{"confidence_interval":{"confidence_level":0.95,"lower_bound":482.39717604380695,"upper_bound":487.67571481480655},"point_estimate":485.1827809555879,"standard_error":1.343601472677434},"median":{"confidence_interval":{"confidence_level":0.95,"lower_bound":482.4886298451443,"upper_bound":488.6670502299255},"point_estimate":485.8474556496923,"standard_error":1.6408152564290825}}