{"mean":{"confidence_interval":{"confidence_level":0.95,"lower_bound":0.0017472141280156675,"upper_bound":0.00539398999782773},"point_estimate":0.003433320951820251,"standard_error":0.0009459418248226318},"median":{"confidence_interval":{"confidence_level":0.95,"lower_bound":0.0018405719933820563,"upper_bound":0.0022859856371291176},"point_estimate":0.002076977176510786,"standard_error":0.00013174462585261265}}