{"mean":{"confidence_interval":{"confidence_level":0.95,"lower_bound":0.0061513354354997,"upper_bound":0.009966719721942333},"point_estimate":0.00814180183568114,"standard_error":0.000970861883938865},"median":{"confidence_interval":{"confidence_level":0.95,"lower_bound":0.008738807002777849,"upper_bound":0.009902489804430648},"point_estimate":0.009288169616485265,"standard_error":0.00029620288504960947}}