{"mean":{"confidence_interval":{"confidence_level":0.95,"lower_bound":0.010780873593888652,"upper_bound":0.014565106517702325},"point_estimate":0.012704904019174679,"standard_error":0.0009657534295077885},"median":{"confidence_interval":{"confidence_level":0.95,"lower_bound":0.012392774706666332,"upper_bound":0.016556816551435455},"point_estimate":0.014711255222030761,"standard_error":0.0010365573687136612}}