{"mean":{"confidence_interval":{"confidence_level":0.95,"lower_bound":0.03027103782053196,"upper_bound":0.03399988366205145},"point_estimate":0.032105067198340054,"standard_error":0.0009920900404401373},"median":{"confidence_interval":{"confidence_level":0.95,"lower_bound":0.030229815109077407,"upper_bound":0.03309390319007033},"point_estimate":0.03149378108798673,"standard_error":0.0007783435556287979}}