{"mean":{"confidence_interval":{"confidence_level":0.95,"lower_bound":-0.003661982911396952,"upper_bound":0.0021248784085374783},"point_estimate":-0.0011611297560124578,"standard_error":0.0014904320767838816},"median":{"confidence_interval":{"confidence_level":0.95,"lower_bound":-0.009949809181710845,"upper_bound":0.0007873177317667679},"point_estimate":-0.008418835253560686,"standard_error":0.0025855202232900965}}