{"mean":{"confidence_interval":{"confidence_level":0.95,"lower_bound":0.01243140832318595,"upper_bound":0.015546475572486184},"point_estimate":0.014080618607058115,"standard_error":0.0007964398685688816},"median":{"confidence_interval":{"confidence_level":0.95,"lower_bound":0.014654446451420444,"upper_bound":0.017056339188764147},"point_estimate":0.01610814265470628,"standard_error":0.0006151655232822622}}