{"mean":{"confidence_interval":{"confidence_level":0.95,"lower_bound":0.23064031861367884,"upper_bound":0.23118529812614114},"point_estimate":0.23089992487573097,"standard_error":0.00013864854898797173},"median":{"confidence_interval":{"confidence_level":0.95,"lower_bound":0.23070365772847906,"upper_bound":0.23098097250810326},"point_estimate":0.23089897304635448,"standard_error":0.00006280071344355457},"median_abs_dev":{"confidence_interval":{"confidence_level":0.95,"lower_bound":0.0004712753531049034,"upper_bound":0.001623816867530446},"point_estimate":0.0008636699673733354,"standard_error":0.0002868929483630089},"slope":{"confidence_interval":{"confidence_level":0.95,"lower_bound":0.23054324900841078,"upper_bound":0.23110507699367083},"point_estimate":0.23082362804966874,"standard_error":0.0001433171449237941},"std_dev":{"confidence_interval":{"confidence_level":0.95,"lower_bound":0.0010361918358171808,"upper_bound":0.0017517918882360205},"point_estimate":0.0013904406922342699,"standard_error":0.00018589734131378894}}