{"mean":{"confidence_interval":{"confidence_level":0.95,"lower_bound":0.034823622952480884,"upper_bound":0.03947113956226157},"point_estimate":0.037188970136591726,"standard_error":0.001196327569237131},"median":{"confidence_interval":{"confidence_level":0.95,"lower_bound":0.035051975611547936,"upper_bound":0.03845203513459472},"point_estimate":0.03682406535099281,"standard_error":0.0008534608904548911}}