{"mean":{"confidence_interval":{"confidence_level":0.95,"lower_bound":-0.00384840698887349,"upper_bound":-0.0017882171913417087},"point_estimate":-0.002848494149948033,"standard_error":0.0005257562863663734},"median":{"confidence_interval":{"confidence_level":0.95,"lower_bound":-0.004539165016955171,"upper_bound":-0.0027555832862546925},"point_estimate":-0.003718705285991719,"standard_error":0.00047832189586218996}}