{"mean":{"confidence_interval":{"confidence_level":0.95,"lower_bound":-0.0069027174669667405,"upper_bound":-0.004843256292506996},"point_estimate":-0.005837633589574565,"standard_error":0.0005242634611950049},"median":{"confidence_interval":{"confidence_level":0.95,"lower_bound":-0.006291218881540495,"upper_bound":-0.004264341148883077},"point_estimate":-0.005197431709744849,"standard_error":0.0005292399627838451}}