{"mean":{"confidence_interval":{"confidence_level":0.95,"lower_bound":-0.5389850155438746,"upper_bound":-0.51314737492886},"point_estimate":-0.5266450254400724,"standard_error":0.00676873158146037},"median":{"confidence_interval":{"confidence_level":0.95,"lower_bound":-0.5587723483360392,"upper_bound":-0.5421589291682185},"point_estimate":-0.5503223433077267,"standard_error":0.004056276605313015}}