{"mean":{"confidence_interval":{"confidence_level":0.95,"lower_bound":2.6123144345940106,"upper_bound":2.6175078237198233},"point_estimate":2.6149828399909736,"standard_error":0.0013190652317129853},"median":{"confidence_interval":{"confidence_level":0.95,"lower_bound":2.6130583222739503,"upper_bound":2.615774172035531},"point_estimate":2.6145394432580096,"standard_error":0.000677810823153743},"median_abs_dev":{"confidence_interval":{"confidence_level":0.95,"lower_bound":0.005831783409961699,"upper_bound":0.010232578041337221},"point_estimate":0.00823419674321532,"standard_error":0.00119054220504029},"slope":{"confidence_interval":{"confidence_level":0.95,"lower_bound":2.606185797429134,"upper_bound":2.61627862922179},"point_estimate":2.611686821401972,"standard_error":0.0026072301633834633},"std_dev":{"confidence_interval":{"confidence_level":0.95,"lower_bound":0.009051593330707007,"upper_bound":0.01709480009245302},"point_estimate":0.013239880062669107,"standard_error":0.0020642663192229054}}