{"mean":{"confidence_interval":{"confidence_level":0.95,"lower_bound":123534.4458935573,"upper_bound":124127.35980565849},"point_estimate":123836.55441024924,"standard_error":151.23871047615347},"median":{"confidence_interval":{"confidence_level":0.95,"lower_bound":123953.3252985975,"upper_bound":124670.26524498695},"point_estimate":124327.83327996537,"standard_error":166.5553011075278}}