{"mean":{"confidence_interval":{"confidence_level":0.95,"lower_bound":-0.019689638901868187,"upper_bound":-0.017516361799817682},"point_estimate":-0.018747207671740318,"standard_error":0.0005512738463772058},"median":{"confidence_interval":{"confidence_level":0.95,"lower_bound":-0.02065520130310916,"upper_bound":-0.018969480744361444},"point_estimate":-0.019903546740807188,"standard_error":0.0004424749448327948}}