{"mean":{"confidence_interval":{"confidence_level":0.95,"lower_bound":-0.002256611818068799,"upper_bound":0.012989513249582713},"point_estimate":0.0032372890527880838,"standard_error":0.004192171744121516},"median":{"confidence_interval":{"confidence_level":0.95,"lower_bound":-0.00007264839100435589,"upper_bound":0.0008035760702680417},"point_estimate":0.0005539682010358149,"standard_error":0.00022083408192626703}}