{"mean":{"confidence_interval":{"confidence_level":0.95,"lower_bound":0.0016514918348107868,"upper_bound":0.004354215945881651},"point_estimate":0.0030188505358017537,"standard_error":0.0006711452531879448},"median":{"confidence_interval":{"confidence_level":0.95,"lower_bound":0.0018251777900236974,"upper_bound":0.005999176940828521},"point_estimate":0.004952587885705961,"standard_error":0.0009047908681654834}}