{"mean":{"confidence_interval":{"confidence_level":0.95,"lower_bound":0.016806243684753686,"upper_bound":0.021691358080049704},"point_estimate":0.0192319024159453,"standard_error":0.0012402784596708012},"median":{"confidence_interval":{"confidence_level":0.95,"lower_bound":0.012767877218405443,"upper_bound":0.02102404349837661},"point_estimate":0.017386056990924992,"standard_error":0.0024207147486510856}}