{"mean":{"confidence_interval":{"confidence_level":0.95,"lower_bound":0.030397054278486935,"upper_bound":0.03569017191422217},"point_estimate":0.03322330871510393,"standard_error":0.0013572637210206321},"median":{"confidence_interval":{"confidence_level":0.95,"lower_bound":0.03378037393734759,"upper_bound":0.037582111920115624},"point_estimate":0.03546986324522705,"standard_error":0.0009922187341249425}}