{"mean":{"confidence_interval":{"confidence_level":0.95,"lower_bound":14.16379153655433,"upper_bound":14.564795451218059},"point_estimate":14.352981935286023,"standard_error":0.1003788198251193},"median":{"confidence_interval":{"confidence_level":0.95,"lower_bound":14.06012337054879,"upper_bound":14.311540192134014},"point_estimate":14.1405014314952,"standard_error":0.062064731041026874}}