{"mean":{"confidence_interval":{"confidence_level":0.95,"lower_bound":0.014118290241390418,"upper_bound":0.017819386502126243},"point_estimate":0.015865961897626235,"standard_error":0.000942458053506068},"median":{"confidence_interval":{"confidence_level":0.95,"lower_bound":0.019308515709497653,"upper_bound":0.02077678312164344},"point_estimate":0.020026376338601937,"standard_error":0.0004716410332112281}}