{"mean":{"confidence_interval":{"confidence_level":0.95,"lower_bound":-0.012336116623201313,"upper_bound":-0.00902850392725151},"point_estimate":-0.010665610922354074,"standard_error":0.000848786543168181},"median":{"confidence_interval":{"confidence_level":0.95,"lower_bound":-0.0134282713196877,"upper_bound":-0.009401549128780773},"point_estimate":-0.011548344274221023,"standard_error":0.0010518223098214792}}