{"mean":{"confidence_interval":{"confidence_level":0.95,"lower_bound":0.06514515655023206,"upper_bound":0.09071309416422935},"point_estimate":0.07723305536568925,"standard_error":0.00649634287541143},"median":{"confidence_interval":{"confidence_level":0.95,"lower_bound":0.06540271953272914,"upper_bound":0.08305505499680843},"point_estimate":0.07161375597973918,"standard_error":0.004584748243123281}}