{"mean":{"confidence_interval":{"confidence_level":0.95,"lower_bound":0.01038736594589416,"upper_bound":0.0125715550492055},"point_estimate":0.011490695208353108,"standard_error":0.000558836376836328},"median":{"confidence_interval":{"confidence_level":0.95,"lower_bound":0.009963360825133272,"upper_bound":0.012205949935471194},"point_estimate":0.011518676746892886,"standard_error":0.0005967005925228418}}