{"mean":{"confidence_interval":{"confidence_level":0.95,"lower_bound":-0.010693596574566663,"upper_bound":-0.009043685964593807},"point_estimate":-0.009893766916835078,"standard_error":0.00042417937315524667},"median":{"confidence_interval":{"confidence_level":0.95,"lower_bound":-0.011652570698267417,"upper_bound":-0.009144547468874276},"point_estimate":-0.01058990587311004,"standard_error":0.0005226471675382091}}