{"mean":{"confidence_interval":{"confidence_level":0.95,"lower_bound":-0.006873019621985776,"upper_bound":-0.0030011741354923622},"point_estimate":-0.004757590476768159,"standard_error":0.0009952106861819984},"median":{"confidence_interval":{"confidence_level":0.95,"lower_bound":-0.0029890835903532142,"upper_bound":-0.0010029689451273027},"point_estimate":-0.0017043079438312514,"standard_error":0.0005095635858191948}}