{"mean":{"confidence_interval":{"confidence_level":0.95,"lower_bound":98432775.74275,"upper_bound":98496123.72974999},"point_estimate":98463155.29,"standard_error":16228.829125406295},"median":{"confidence_interval":{"confidence_level":0.95,"lower_bound":98405491.0,"upper_bound":98428159.0},"point_estimate":98418110.0,"standard_error":6218.617135127049},"median_abs_dev":{"confidence_interval":{"confidence_level":0.95,"lower_bound":36035.90816773476,"upper_bound":76639.29913938046},"point_estimate":45543.24729144573,"standard_error":10724.3188188974},"slope":null,"std_dev":{"confidence_interval":{"confidence_level":0.95,"lower_bound":121901.17364112545,"upper_bound":198176.29380724696},"point_estimate":163324.39824096597,"standard_error":19448.35499647818}}