{"mean":{"confidence_interval":{"confidence_level":0.95,"lower_bound":0.010191460763446836,"upper_bound":0.016318119367288025},"point_estimate":0.013133708478154427,"standard_error":0.0015302525042999032},"median":{"confidence_interval":{"confidence_level":0.95,"lower_bound":0.005343292275772571,"upper_bound":0.010209915510113188},"point_estimate":0.006743824500258899,"standard_error":0.001452872792416408}}