{"mean":{"confidence_interval":{"confidence_level":0.95,"lower_bound":-0.007993797712718341,"upper_bound":-0.0013059634968119605},"point_estimate":-0.005106719827148387,"standard_error":0.0017916920209608668},"median":{"confidence_interval":{"confidence_level":0.95,"lower_bound":-0.012114935621002076,"upper_bound":-0.004955361053530005},"point_estimate":-0.008599643031696691,"standard_error":0.0017283478028106243}}