{"mean":{"confidence_interval":{"confidence_level":0.95,"lower_bound":0.01565205512714802,"upper_bound":0.01943140582572478},"point_estimate":0.017693178423374034,"standard_error":0.0009660451379058961},"median":{"confidence_interval":{"confidence_level":0.95,"lower_bound":0.018519524676930466,"upper_bound":0.020270259526353526},"point_estimate":0.01949837083116468,"standard_error":0.00046309474357683514}}