{"mean":{"confidence_interval":{"confidence_level":0.95,"lower_bound":5997.681082684466,"upper_bound":6049.94711634029},"point_estimate":6020.643618685465,"standard_error":13.561055059879472},"median":{"confidence_interval":{"confidence_level":0.95,"lower_bound":5983.689765839852,"upper_bound":6014.2918617673395},"point_estimate":5996.953363392785,"standard_error":7.813805117595281}}