{"mean":{"confidence_interval":{"confidence_level":0.95,"lower_bound":0.018820897925782322,"upper_bound":0.019880229177700624},"point_estimate":0.019327314936368856,"standard_error":0.0002689588188271666},"median":{"confidence_interval":{"confidence_level":0.95,"lower_bound":0.01893203814786748,"upper_bound":0.019384501393913123},"point_estimate":0.019135620935014863,"standard_error":0.00011329874724898831}}