{"mean":{"confidence_interval":{"confidence_level":0.95,"lower_bound":-0.001687762318743821,"upper_bound":0.0005061409707307722},"point_estimate":-0.0006592337427201445,"standard_error":0.0005617689641844431},"median":{"confidence_interval":{"confidence_level":0.95,"lower_bound":-0.003563932109635126,"upper_bound":-0.0025022876416054274},"point_estimate":-0.002963364332077445,"standard_error":0.0002747537223965151}}