{"mean":{"confidence_interval":{"confidence_level":0.95,"lower_bound":25.557326702284993,"upper_bound":25.72281615965648},"point_estimate":25.635913438503568,"standard_error":0.04162594598236021},"median":{"confidence_interval":{"confidence_level":0.95,"lower_bound":25.49482105043268,"upper_bound":25.63828909971468},"point_estimate":25.5802831772763,"standard_error":0.0395796255506389}}