{"mean":{"confidence_interval":{"confidence_level":0.95,"lower_bound":-0.0005040782639380541,"upper_bound":0.007850528979978354},"point_estimate":0.0037574591589233375,"standard_error":0.0021547069805557813},"median":{"confidence_interval":{"confidence_level":0.95,"lower_bound":-0.004345726906568981,"upper_bound":0.0018194792563486217},"point_estimate":-0.0015372416073302642,"standard_error":0.0016308965185462896}}