{"mean":{"confidence_interval":{"confidence_level":0.95,"lower_bound":0.0004511138163387219,"upper_bound":0.004689093244780228},"point_estimate":0.002447246365979927,"standard_error":0.001084657251804473},"median":{"confidence_interval":{"confidence_level":0.95,"lower_bound":-0.00289926795065136,"upper_bound":0.001974117041360428},"point_estimate":-0.0014668131572554977,"standard_error":0.0014513432666664722}}