{"mean":{"confidence_interval":{"confidence_level":0.95,"lower_bound":-0.004250544125539323,"upper_bound":-0.0018278265240544444},"point_estimate":-0.003014961376603731,"standard_error":0.0006263633122169813},"median":{"confidence_interval":{"confidence_level":0.95,"lower_bound":-0.0023315430086441324,"upper_bound":-0.0010025630627505944},"point_estimate":-0.00157266507764664,"standard_error":0.00034081543790880493}}