{"mean":{"confidence_interval":{"confidence_level":0.95,"lower_bound":-0.015677071834107457,"upper_bound":0.005171818488568701},"point_estimate":-0.0055241429426960975,"standard_error":0.0052642915728740485},"median":{"confidence_interval":{"confidence_level":0.95,"lower_bound":-0.00899699067170745,"upper_bound":0.0010417809160570002},"point_estimate":-0.0031906709627520513,"standard_error":0.0024924211871573316}}