{"mean":{"confidence_interval":{"confidence_level":0.95,"lower_bound":-0.0019651421103324762,"upper_bound":0.0021692636085172577},"point_estimate":0.00010569411717153976,"standard_error":0.0010516864117047688},"median":{"confidence_interval":{"confidence_level":0.95,"lower_bound":-0.002977615605270323,"upper_bound":0.0014750973080024377},"point_estimate":-0.0011683038335420504,"standard_error":0.0010714735830567477}}