{"mean":{"confidence_interval":{"confidence_level":0.95,"lower_bound":-0.018444175070818143,"upper_bound":-0.016760745556252874},"point_estimate":-0.017637116929961394,"standard_error":0.0004302489745662934},"median":{"confidence_interval":{"confidence_level":0.95,"lower_bound":-0.017840847631352186,"upper_bound":-0.016251112103362386},"point_estimate":-0.017239350002736353,"standard_error":0.0004102581672525368}}