{"mean":{"confidence_interval":{"confidence_level":0.95,"lower_bound":0.013744937580052925,"upper_bound":0.017788824784266365},"point_estimate":0.015482310895527984,"standard_error":0.0011141618419080838},"median":{"confidence_interval":{"confidence_level":0.95,"lower_bound":0.0120252975905355,"upper_bound":0.014098733864546631},"point_estimate":0.013033467844907998,"standard_error":0.0005439508755212202}}