{"mean":{"confidence_interval":{"confidence_level":0.95,"lower_bound":0.0031191258355734333,"upper_bound":0.005807212973607201},"point_estimate":0.004494362727468504,"standard_error":0.0006916723446799766},"median":{"confidence_interval":{"confidence_level":0.95,"lower_bound":0.004493158732945313,"upper_bound":0.005304487192074214},"point_estimate":0.004925619149167781,"standard_error":0.00022074640160190783}}