{"mean":{"confidence_interval":{"confidence_level":0.95,"lower_bound":0.030706667870146056,"upper_bound":0.04350096959242096},"point_estimate":0.036472060780304405,"standard_error":0.0031845016212459615},"median":{"confidence_interval":{"confidence_level":0.95,"lower_bound":0.025275504862452555,"upper_bound":0.03188203879616247},"point_estimate":0.029138343983735382,"standard_error":0.001468156975924898}}