{"mean":{"confidence_interval":{"confidence_level":0.95,"lower_bound":-0.010988277857780096,"upper_bound":-0.009970409471771103},"point_estimate":-0.0105153814517146,"standard_error":0.0002577916995457802},"median":{"confidence_interval":{"confidence_level":0.95,"lower_bound":-0.011243555540161876,"upper_bound":-0.010321575049480614},"point_estimate":-0.010785751638945906,"standard_error":0.0001974384581973811}}