{"mean":{"confidence_interval":{"confidence_level":0.95,"lower_bound":-0.017897456976042107,"upper_bound":-0.006927001549848801},"point_estimate":-0.012255095111486813,"standard_error":0.0028060355511287365},"median":{"confidence_interval":{"confidence_level":0.95,"lower_bound":-0.006563065058383777,"upper_bound":-0.003739185336381401},"point_estimate":-0.005002541628840507,"standard_error":0.0007086108105888162}}