{"mean":{"confidence_interval":{"confidence_level":0.95,"lower_bound":-0.004646923367935971,"upper_bound":-0.0028341029464363098},"point_estimate":-0.003811276738109437,"standard_error":0.00047056735258209706},"median":{"confidence_interval":{"confidence_level":0.95,"lower_bound":-0.004305021472478687,"upper_bound":-0.0036342970381394446},"point_estimate":-0.003856148197594167,"standard_error":0.00018646578545535313}}