{"mean":{"confidence_interval":{"confidence_level":0.95,"lower_bound":2.57757765048281,"upper_bound":2.5867438728494445},"point_estimate":2.581623233601024,"standard_error":0.0023594849532542063},"median":{"confidence_interval":{"confidence_level":0.95,"lower_bound":2.578376135397845,"upper_bound":2.5813281401434387},"point_estimate":2.580595973828674,"standard_error":0.0007646003909040755},"median_abs_dev":{"confidence_interval":{"confidence_level":0.95,"lower_bound":0.005345824188000884,"upper_bound":0.011338740589515544},"point_estimate":0.00841468451376097,"standard_error":0.0016224947140605977},"slope":{"confidence_interval":{"confidence_level":0.95,"lower_bound":2.575471630998663,"upper_bound":2.5885533458499395},"point_estimate":2.581283675157104,"standard_error":0.0033557468513986345},"std_dev":{"confidence_interval":{"confidence_level":0.95,"lower_bound":0.012120105076045905,"upper_bound":0.035181625021697034},"point_estimate":0.02366336436859924,"standard_error":0.006509080921491712}}