{"mean":{"confidence_interval":{"confidence_level":0.95,"lower_bound":-0.09041912330344375,"upper_bound":-0.04099764706330257},"point_estimate":-0.06478704241577227,"standard_error":0.012622197412435527},"median":{"confidence_interval":{"confidence_level":0.95,"lower_bound":-0.015160031290291864,"upper_bound":-0.01232865357921116},"point_estimate":-0.013988098591961928,"standard_error":0.0006099805261156238}}