{"mean":{"confidence_interval":{"confidence_level":0.95,"lower_bound":-0.001712607526115081,"upper_bound":0.0020726266816605107},"point_estimate":0.0002816298972512232,"standard_error":0.0009636352873832985},"median":{"confidence_interval":{"confidence_level":0.95,"lower_bound":0.0006009853041049062,"upper_bound":0.005591158655777084},"point_estimate":0.004194122603349726,"standard_error":0.0012644750120216002}}