{"mean":{"confidence_interval":{"confidence_level":0.95,"lower_bound":0.007341405926428929,"upper_bound":0.011337128734754301},"point_estimate":0.009279630212370549,"standard_error":0.0010165604785687635},"median":{"confidence_interval":{"confidence_level":0.95,"lower_bound":0.0036131976145055145,"upper_bound":0.010922604008833395},"point_estimate":0.008191610637330538,"standard_error":0.001995171764672401}}