{"mean":{"confidence_interval":{"confidence_level":0.95,"lower_bound":-0.008878063886260784,"upper_bound":-0.0037758326452937475},"point_estimate":-0.005762717091561731,"standard_error":0.0013420046643842476},"median":{"confidence_interval":{"confidence_level":0.95,"lower_bound":-0.006337028580941661,"upper_bound":-0.004154208178803187},"point_estimate":-0.005387071073356453,"standard_error":0.0005203201812928453}}