{"mean":{"confidence_interval":{"confidence_level":0.95,"lower_bound":0.011873172861929631,"upper_bound":0.013327983809971865},"point_estimate":0.01263524189594678,"standard_error":0.00036882849205557974},"median":{"confidence_interval":{"confidence_level":0.95,"lower_bound":0.011289146585840237,"upper_bound":0.01278543314866254},"point_estimate":0.011905066174010104,"standard_error":0.00041418549804050843}}