{"mean":{"confidence_interval":{"confidence_level":0.95,"lower_bound":0.008044874063855146,"upper_bound":0.009479574486867265},"point_estimate":0.008747608446440847,"standard_error":0.00036592134543845324},"median":{"confidence_interval":{"confidence_level":0.95,"lower_bound":0.008792149736660537,"upper_bound":0.010381708944874479},"point_estimate":0.009611872828246604,"standard_error":0.00041047683971742445}}