{"mean":{"confidence_interval":{"confidence_level":0.95,"lower_bound":0.031075382152082418,"upper_bound":0.03799317436078968},"point_estimate":0.03407366952170454,"standard_error":0.0017984291090427627},"median":{"confidence_interval":{"confidence_level":0.95,"lower_bound":0.02927529661917938,"upper_bound":0.03477400122035146},"point_estimate":0.033122989442909256,"standard_error":0.0014267516808992215}}