{"mean":{"confidence_interval":{"confidence_level":0.95,"lower_bound":6101.287399671486,"upper_bound":6171.743131523404},"point_estimate":6132.11611479155,"standard_error":17.60523776412778},"median":{"confidence_interval":{"confidence_level":0.95,"lower_bound":6108.111580802924,"upper_bound":6149.459977276643},"point_estimate":6136.937051976382,"standard_error":10.69305617663499}}