{"mean":{"confidence_interval":{"confidence_level":0.95,"lower_bound":-0.005009493783289647,"upper_bound":0.0029572846088849066},"point_estimate":-0.0009256596011265605,"standard_error":0.0020316044624140734},"median":{"confidence_interval":{"confidence_level":0.95,"lower_bound":-0.00415570221318784,"upper_bound":-0.0012207701803750304},"point_estimate":-0.002937633014279628,"standard_error":0.0008023594832062672}}