{"mean":{"confidence_interval":{"confidence_level":0.95,"lower_bound":0.007455236125875803,"upper_bound":0.015407374674843101},"point_estimate":0.011327071820413037,"standard_error":0.0020377885421432127},"median":{"confidence_interval":{"confidence_level":0.95,"lower_bound":0.009912759442361585,"upper_bound":0.0138704103998335},"point_estimate":0.012019490098332808,"standard_error":0.0010464956180302797}}