{"mean":{"confidence_interval":{"confidence_level":0.95,"lower_bound":0.05245703656898121,"upper_bound":0.0723790335242726},"point_estimate":0.061766487196018405,"standard_error":0.005220562618027754},"median":{"confidence_interval":{"confidence_level":0.95,"lower_bound":0.04527676679249382,"upper_bound":0.06499201233493457},"point_estimate":0.05150851498458908,"standard_error":0.005408491778159957}}