{"mean":{"confidence_interval":{"confidence_level":0.95,"lower_bound":2.602459114008576,"upper_bound":2.617354961366138},"point_estimate":2.6088536142350933,"standard_error":0.003846909159910418},"median":{"confidence_interval":{"confidence_level":0.95,"lower_bound":2.5997679491194794,"upper_bound":2.6015651907926127},"point_estimate":2.6004316985401847,"standard_error":0.0005089098009562019},"median_abs_dev":{"confidence_interval":{"confidence_level":0.95,"lower_bound":0.0032554583295420526,"upper_bound":0.006416400653271702},"point_estimate":0.004630798668256314,"standard_error":0.0008222008157467955},"slope":{"confidence_interval":{"confidence_level":0.95,"lower_bound":2.599563981885989,"upper_bound":2.6134990960748614},"point_estimate":2.6055591740315562,"standard_error":0.003587824477654561},"std_dev":{"confidence_interval":{"confidence_level":0.95,"lower_bound":0.011876152542040245,"upper_bound":0.058373867370409394},"point_estimate":0.03851110057781405,"standard_error":0.012344223153918742}}