{"mean":{"confidence_interval":{"confidence_level":0.95,"lower_bound":16450529.3313125,"upper_bound":16518547.726062499},"point_estimate":16478835.375,"standard_error":17685.031660521854},"median":{"confidence_interval":{"confidence_level":0.95,"lower_bound":16423227.75,"upper_bound":16462678.0},"point_estimate":16438441.375,"standard_error":9569.269422198884},"median_abs_dev":{"confidence_interval":{"confidence_level":0.95,"lower_bound":43614.75537568331,"upper_bound":75597.21668288112},"point_estimate":56522.82672151923,"standard_error":8345.86381831534},"slope":null,"std_dev":{"confidence_interval":{"confidence_level":0.95,"lower_bound":72425.39654031319,"upper_bound":279438.45232186856},"point_estimate":177065.81480414118,"standard_error":65106.653896368996}}