{"mean":{"confidence_interval":{"confidence_level":0.95,"lower_bound":0.008327423139887468,"upper_bound":0.022540530914051074},"point_estimate":0.01331259107865379,"standard_error":0.0038028194673339244},"median":{"confidence_interval":{"confidence_level":0.95,"lower_bound":0.006413036879098888,"upper_bound":0.0108112216382521},"point_estimate":0.00890384978483083,"standard_error":0.0012329602662145055}}