{"mean":{"confidence_interval":{"confidence_level":0.95,"lower_bound":541.0753620002017,"upper_bound":547.2331914456437},"point_estimate":544.2261809173203,"standard_error":1.564605428399244},"median":{"confidence_interval":{"confidence_level":0.95,"lower_bound":543.2677155039411,"upper_bound":545.9900268554463},"point_estimate":544.2789987547552,"standard_error":0.6616331642866743}}