{"mean":{"confidence_interval":{"confidence_level":0.95,"lower_bound":-0.03300288732977605,"upper_bound":-0.03029697674014111},"point_estimate":-0.03175548124019645,"standard_error":0.0006908786408228007},"median":{"confidence_interval":{"confidence_level":0.95,"lower_bound":-0.03489382122345197,"upper_bound":-0.030781427463927535},"point_estimate":-0.03351914726515137,"standard_error":0.0012791073162377047}}