{"mean":{"confidence_interval":{"confidence_level":0.95,"lower_bound":0.05357271791007361,"upper_bound":0.05827231090263774},"point_estimate":0.055929140204251215,"standard_error":0.0012036484486923223},"median":{"confidence_interval":{"confidence_level":0.95,"lower_bound":0.051807446967174764,"upper_bound":0.055808887386915876},"point_estimate":0.05430272084781107,"standard_error":0.0011124042219093546}}