{"mean":{"confidence_interval":{"confidence_level":0.95,"lower_bound":0.011300159439267172,"upper_bound":0.014301508614904784},"point_estimate":0.012875505508969987,"standard_error":0.0007640852587363416},"median":{"confidence_interval":{"confidence_level":0.95,"lower_bound":0.012636161276818658,"upper_bound":0.014819859032990657},"point_estimate":0.013765087333834414,"standard_error":0.0005613991918331564}}