{"mean":{"confidence_interval":{"confidence_level":0.95,"lower_bound":0.013708282949615153,"upper_bound":0.015163024124532515},"point_estimate":0.01443367986651678,"standard_error":0.0003707124635691911},"median":{"confidence_interval":{"confidence_level":0.95,"lower_bound":0.013557565804539262,"upper_bound":0.01418448680669182},"point_estimate":0.013844699095666213,"standard_error":0.0001704669301022805}}