{"mean":{"confidence_interval":{"confidence_level":0.95,"lower_bound":0.013001875203907354,"upper_bound":0.016326054633190645},"point_estimate":0.014583765844146335,"standard_error":0.0008721901675981988},"median":{"confidence_interval":{"confidence_level":0.95,"lower_bound":0.011856162020116967,"upper_bound":0.014628019111752488},"point_estimate":0.013249684717932642,"standard_error":0.0006704252264979955}}