{"mean":{"confidence_interval":{"confidence_level":0.95,"lower_bound":0.008706299492584302,"upper_bound":0.013955494635893587},"point_estimate":0.011116588203710753,"standard_error":0.0012567387029302954},"median":{"confidence_interval":{"confidence_level":0.95,"lower_bound":0.006782434499640111,"upper_bound":0.010248471101777845},"point_estimate":0.008063945323132593,"standard_error":0.0008681846754387798}}