{"mean":{"confidence_interval":{"confidence_level":0.95,"lower_bound":0.008978869058573999,"upper_bound":0.031540081851762825},"point_estimate":0.01903055564230316,"standard_error":0.005729261518364874},"median":{"confidence_interval":{"confidence_level":0.95,"lower_bound":-0.0011207624574044895,"upper_bound":0.013996218080535305},"point_estimate":0.005957765398075576,"standard_error":0.0034521765204519224}}