{"mean":{"confidence_interval":{"confidence_level":0.95,"lower_bound":43050.634126699144,"upper_bound":43245.26400502643},"point_estimate":43148.8087204162,"standard_error":49.72137665098637},"median":{"confidence_interval":{"confidence_level":0.95,"lower_bound":43339.75191815857,"upper_bound":43473.32493412384},"point_estimate":43417.926699638294,"standard_error":79.55472264191127},"median_abs_dev":{"confidence_interval":{"confidence_level":0.95,"lower_bound":142.4290701727118,"upper_bound":682.738598315866},"point_estimate":246.98592335881074,"standard_error":145.09155014654678},"slope":{"confidence_interval":{"confidence_level":0.95,"lower_bound":43424.43909085553,"upper_bound":43518.51836149774},"point_estimate":43476.0735513136,"standard_error":23.997615089329113},"std_dev":{"confidence_interval":{"confidence_level":0.95,"lower_bound":463.2426758997592,"upper_bound":527.9184635866959},"point_estimate":500.2085203735088,"standard_error":16.387323301122176}}