{"mean":{"confidence_interval":{"confidence_level":0.95,"lower_bound":0.00952641773435496,"upper_bound":0.011602680770637374},"point_estimate":0.010581899785330418,"standard_error":0.0005253527905612277},"median":{"confidence_interval":{"confidence_level":0.95,"lower_bound":0.008322859525683901,"upper_bound":0.009847130244841518},"point_estimate":0.00916661126432139,"standard_error":0.00040919555364050546}}