{"mean":{"confidence_interval":{"confidence_level":0.95,"lower_bound":12409.637796062732,"upper_bound":12505.930111721904},"point_estimate":12456.17603872982,"standard_error":24.62583057183928},"median":{"confidence_interval":{"confidence_level":0.95,"lower_bound":12356.986979166666,"upper_bound":12460.245892857143},"point_estimate":12419.231984478936,"standard_error":29.16378917332641},"median_abs_dev":{"confidence_interval":{"confidence_level":0.95,"lower_bound":151.03145694498278,"upper_bound":260.29116412890875},"point_estimate":203.3130688796429,"standard_error":27.76283580513298},"slope":{"confidence_interval":{"confidence_level":0.95,"lower_bound":12412.835893472133,"upper_bound":12524.29516819649},"point_estimate":12466.263108578396,"standard_error":28.392567439058247},"std_dev":{"confidence_interval":{"confidence_level":0.95,"lower_bound":197.8744482072649,"upper_bound":292.5354040940954},"point_estimate":247.03712239922908,"standard_error":24.205699508331364}}