{"mean":{"confidence_interval":{"confidence_level":0.95,"lower_bound":-0.012736115956092758,"upper_bound":-0.008792881963239008},"point_estimate":-0.010689364936599777,"standard_error":0.0009965354710989264},"median":{"confidence_interval":{"confidence_level":0.95,"lower_bound":-0.012923714367479633,"upper_bound":-0.007960531962299844},"point_estimate":-0.010470777904985629,"standard_error":0.001141137340284772}}