{"mean":{"confidence_interval":{"confidence_level":0.95,"lower_bound":332.85540647583764,"upper_bound":335.72448918257925},"point_estimate":334.28996658433454,"standard_error":0.731728299018364},"median":{"confidence_interval":{"confidence_level":0.95,"lower_bound":333.7154154303182,"upper_bound":335.22472750010684},"point_estimate":334.27756314670813,"standard_error":0.393967870988633}}