{"mean":{"confidence_interval":{"confidence_level":0.95,"lower_bound":0.0016726939748926417,"upper_bound":0.004751669145808093},"point_estimate":0.0030857219412061543,"standard_error":0.0007845283848485114},"median":{"confidence_interval":{"confidence_level":0.95,"lower_bound":0.0011432832162290296,"upper_bound":0.0025561222634506997},"point_estimate":0.0018181089217130797,"standard_error":0.00035930438832144966}}