{"mean":{"confidence_interval":{"confidence_level":0.95,"lower_bound":0.004776973703239329,"upper_bound":0.006076611822326672},"point_estimate":0.005410604480980075,"standard_error":0.00033681322227595707},"median":{"confidence_interval":{"confidence_level":0.95,"lower_bound":0.004688938635342588,"upper_bound":0.004935520206970617},"point_estimate":0.004815475870394881,"standard_error":0.00006306186314648832}}