{"mean":{"confidence_interval":{"confidence_level":0.95,"lower_bound":-0.01177835061388445,"upper_bound":-0.010448273816838492},"point_estimate":-0.0110929464292574,"standard_error":0.000338658860022559},"median":{"confidence_interval":{"confidence_level":0.95,"lower_bound":-0.010666750129714742,"upper_bound":-0.010306218183597893},"point_estimate":-0.010468851116624878,"standard_error":0.00009208109825306951}}