{"mean":{"confidence_interval":{"confidence_level":0.95,"lower_bound":1968494.554125,"upper_bound":1976414.2826634613},"point_estimate":1972354.0349999997,"standard_error":2020.0967204015164},"median":{"confidence_interval":{"confidence_level":0.95,"lower_bound":1965289.5384615385,"upper_bound":1972561.2692307692},"point_estimate":1969751.3653846155,"standard_error":1903.9556228522276},"median_abs_dev":{"confidence_interval":{"confidence_level":0.95,"lower_bound":11940.20442263446,"upper_bound":19977.863576091266},"point_estimate":15478.856932887624,"standard_error":1918.231737376409},"slope":null,"std_dev":{"confidence_interval":{"confidence_level":0.95,"lower_bound":16675.086858121893,"upper_bound":23575.984642451313},"point_estimate":20356.913649469578,"standard_error":1758.7118176822034}}