{"mean":{"confidence_interval":{"confidence_level":0.95,"lower_bound":75414859.09125,"upper_bound":75445611.08325},"point_estimate":75429249.52,"standard_error":7853.030343624763},"median":{"confidence_interval":{"confidence_level":0.95,"lower_bound":75398431.0,"upper_bound":75424941.0},"point_estimate":75413558.5,"standard_error":6520.121156567973},"median_abs_dev":{"confidence_interval":{"confidence_level":0.95,"lower_bound":33236.184909939766,"upper_bound":54604.15703058243},"point_estimate":44251.16141438484,"standard_error":5519.413389740063},"slope":null,"std_dev":{"confidence_interval":{"confidence_level":0.95,"lower_bound":50713.474106639085,"upper_bound":102584.424626949},"point_estimate":78651.11283761697,"standard_error":13264.963680205718}}