{"mean":{"confidence_interval":{"confidence_level":0.95,"lower_bound":-0.00460957601571565,"upper_bound":-0.000998180953513514},"point_estimate":-0.0026273320699670144,"standard_error":0.0009241979107547555},"median":{"confidence_interval":{"confidence_level":0.95,"lower_bound":-0.002632167396013796,"upper_bound":-0.0008121303250377965},"point_estimate":-0.0020676431401635,"standard_error":0.00047589095959899486}}