{"mean":{"confidence_interval":{"confidence_level":0.95,"lower_bound":-0.004629495372406539,"upper_bound":-0.0021201260716790108},"point_estimate":-0.0034960533622480083,"standard_error":0.0006505374113436795},"median":{"confidence_interval":{"confidence_level":0.95,"lower_bound":-0.005630798226134881,"upper_bound":-0.003654405857827725},"point_estimate":-0.00463630230489076,"standard_error":0.0004975064944449984}}