{"mean":{"confidence_interval":{"confidence_level":0.95,"lower_bound":0.03483294303346878,"upper_bound":0.036850021247032114},"point_estimate":0.03592824476133516,"standard_error":0.0005141383287504596},"median":{"confidence_interval":{"confidence_level":0.95,"lower_bound":0.0352084075676547,"upper_bound":0.03696503234269131},"point_estimate":0.036112485737410216,"standard_error":0.0004361142584846188}}