{"mean":{"confidence_interval":{"confidence_level":0.95,"lower_bound":0.017963558468838837,"upper_bound":0.023023920648985417},"point_estimate":0.020467562391912164,"standard_error":0.0012832756488188573},"median":{"confidence_interval":{"confidence_level":0.95,"lower_bound":0.020126718512630593,"upper_bound":0.0221964048810474},"point_estimate":0.021281835590660547,"standard_error":0.0005402423402316142}}