{"mean":{"confidence_interval":{"confidence_level":0.95,"lower_bound":-0.016350792143355282,"upper_bound":-0.013771504286866678},"point_estimate":-0.015142544307353512,"standard_error":0.0006639602734512545},"median":{"confidence_interval":{"confidence_level":0.95,"lower_bound":-0.01684721259714217,"upper_bound":-0.015249970506396093},"point_estimate":-0.016046095071260424,"standard_error":0.00045083521512538134}}