{"mean":{"confidence_interval":{"confidence_level":0.95,"lower_bound":-0.014510832864777877,"upper_bound":-0.0070521904449675245},"point_estimate":-0.01068881235697472,"standard_error":0.0018894575591421583},"median":{"confidence_interval":{"confidence_level":0.95,"lower_bound":-0.01014698221912158,"upper_bound":-0.0061160037796569},"point_estimate":-0.008125768605430905,"standard_error":0.0009738748458038672}}