{"mean":{"confidence_interval":{"confidence_level":0.95,"lower_bound":-0.003009478279811449,"upper_bound":0.005026729079348879},"point_estimate":0.0010718598763950204,"standard_error":0.002041301664070529},"median":{"confidence_interval":{"confidence_level":0.95,"lower_bound":-0.0012248287368755717,"upper_bound":0.003628956212578194},"point_estimate":0.0018044588320353938,"standard_error":0.0012459524927831724}}