{"mean":{"confidence_interval":{"confidence_level":0.95,"lower_bound":-0.003968010622397261,"upper_bound":-0.0000433826586642053},"point_estimate":-0.0020982378810709967,"standard_error":0.0010073198181603355},"median":{"confidence_interval":{"confidence_level":0.95,"lower_bound":-0.002884974774106319,"upper_bound":-0.0006295376118382399},"point_estimate":-0.0015922638729828353,"standard_error":0.0006350652334883424}}