{"mean":{"confidence_interval":{"confidence_level":0.95,"lower_bound":-0.016260226914182253,"upper_bound":-0.013839247420456013},"point_estimate":-0.015063028157452418,"standard_error":0.0006151330650448044},"median":{"confidence_interval":{"confidence_level":0.95,"lower_bound":-0.016321214732359146,"upper_bound":-0.01473751322737655},"point_estimate":-0.01580029079669365,"standard_error":0.00042783382244909453}}