{"mean":{"confidence_interval":{"confidence_level":0.95,"lower_bound":2087200.6266770822,"upper_bound":2091344.286520833},"point_estimate":2089079.06125,"standard_error":1060.6620282603005},"median":{"confidence_interval":{"confidence_level":0.95,"lower_bound":2085729.2916666667,"upper_bound":2087831.7708333333},"point_estimate":2086999.1666666665,"standard_error":586.1769699845047},"median_abs_dev":{"confidence_interval":{"confidence_level":0.95,"lower_bound":3783.070045336966,"upper_bound":6793.14952939743},"point_estimate":5193.269720301032,"standard_error":755.3284195945158},"slope":null,"std_dev":{"confidence_interval":{"confidence_level":0.95,"lower_bound":5987.084425652139,"upper_bound":14884.939124415305},"point_estimate":10636.009023435416,"standard_error":2312.859683702858}}