{"mean":{"confidence_interval":{"confidence_level":0.95,"lower_bound":-0.0038448558209918074,"upper_bound":0.0009096454113449829},"point_estimate":-0.0014992692369876215,"standard_error":0.0012110377439790603},"median":{"confidence_interval":{"confidence_level":0.95,"lower_bound":-0.010294518711308265,"upper_bound":-0.006749574830893779},"point_estimate":-0.008552473905867886,"standard_error":0.0018890896487717295}}