{"mean":{"confidence_interval":{"confidence_level":0.95,"lower_bound":2269451.1543260873,"upper_bound":2271540.077880435},"point_estimate":2270550.702173913,"standard_error":532.6410609917381},"median":{"confidence_interval":{"confidence_level":0.95,"lower_bound":2270646.0434782607,"upper_bound":2271273.6260869564},"point_estimate":2270874.5217391304,"standard_error":166.67555096294114},"median_abs_dev":{"confidence_interval":{"confidence_level":0.95,"lower_bound":881.5990669573335,"upper_bound":1714.0789521785516},"point_estimate":1211.8643263109543,"standard_error":209.53445774020472},"slope":null,"std_dev":{"confidence_interval":{"confidence_level":0.95,"lower_bound":3554.5235450387136,"upper_bound":6882.864638939843},"point_estimate":5341.307182161776,"standard_error":853.6692706340233}}