{"mean":{"confidence_interval":{"confidence_level":0.95,"lower_bound":53.055022428881784,"upper_bound":53.30605007305471},"point_estimate":53.17196195564813,"standard_error":0.06411637162343532},"median":{"confidence_interval":{"confidence_level":0.95,"lower_bound":53.01563586952988,"upper_bound":53.132728261869005},"point_estimate":53.082710558754144,"standard_error":0.030350926109111515},"median_abs_dev":{"confidence_interval":{"confidence_level":0.95,"lower_bound":0.21242076595384368,"upper_bound":0.41613901540529435},"point_estimate":0.2807629076503934,"standard_error":0.05321242204759074},"slope":{"confidence_interval":{"confidence_level":0.95,"lower_bound":53.13543730042326,"upper_bound":53.33778818777729},"point_estimate":53.22532332342675,"standard_error":0.05189532828225629},"std_dev":{"confidence_interval":{"confidence_level":0.95,"lower_bound":0.4129812304569421,"upper_bound":0.8479585953695608},"point_estimate":0.6448238404790295,"standard_error":0.11095303970034628}}