{"mean":{"confidence_interval":{"confidence_level":0.95,"lower_bound":0.006857729645917738,"upper_bound":0.011455225894638998},"point_estimate":0.009213585499926902,"standard_error":0.0011666752142906744},"median":{"confidence_interval":{"confidence_level":0.95,"lower_bound":0.014788937598755547,"upper_bound":0.01776597679073144},"point_estimate":0.0164073714908195,"standard_error":0.0020202858440530685}}