{"mean":{"confidence_interval":{"confidence_level":0.95,"lower_bound":14831.487046066739,"upper_bound":14908.775030703982},"point_estimate":14867.341669919657,"standard_error":19.70098016593104},"median":{"confidence_interval":{"confidence_level":0.95,"lower_bound":14797.558210196246,"upper_bound":14844.12850145557},"point_estimate":14818.909643055582,"standard_error":12.612859836891587},"median_abs_dev":{"confidence_interval":{"confidence_level":0.95,"lower_bound":64.31556109982715,"upper_bound":113.08806527198782},"point_estimate":84.68486567507323,"standard_error":12.007794228089459},"slope":{"confidence_interval":{"confidence_level":0.95,"lower_bound":14778.539590069295,"upper_bound":14827.849023299137},"point_estimate":14803.705765865516,"standard_error":12.48317752851497},"std_dev":{"confidence_interval":{"confidence_level":0.95,"lower_bound":126.40741642608603,"upper_bound":271.7578695590851},"point_estimate":197.99091049202445,"standard_error":38.72830165017269}}