{"mean":{"confidence_interval":{"confidence_level":0.95,"lower_bound":0.02662096058706151,"upper_bound":0.03135413134828214},"point_estimate":0.029034548833817952,"standard_error":0.0012316756372229443},"median":{"confidence_interval":{"confidence_level":0.95,"lower_bound":0.023231892730097847,"upper_bound":0.027107446325479734},"point_estimate":0.02487992516747184,"standard_error":0.0009202618549475205}}