{"mean":{"confidence_interval":{"confidence_level":0.95,"lower_bound":0.00003260958004226462,"upper_bound":0.0030328445182765482},"point_estimate":0.0015627351876186246,"standard_error":0.0007651078543712042},"median":{"confidence_interval":{"confidence_level":0.95,"lower_bound":0.001006511236165715,"upper_bound":0.00655799337921481},"point_estimate":0.0027209251526536526,"standard_error":0.0014521901501881066}}