{"mean":{"confidence_interval":{"confidence_level":0.95,"lower_bound":0.004882040513473385,"upper_bound":0.006771110366447891},"point_estimate":0.005836501487465728,"standard_error":0.00048215309068551083},"median":{"confidence_interval":{"confidence_level":0.95,"lower_bound":0.004774823714553067,"upper_bound":0.007217858650450548},"point_estimate":0.005997587117236858,"standard_error":0.0005962862349227051}}