{"mean":{"confidence_interval":{"confidence_level":0.95,"lower_bound":0.014676959384316625,"upper_bound":0.03215358584121375},"point_estimate":0.023213912752349852,"standard_error":0.004480204428595012},"median":{"confidence_interval":{"confidence_level":0.95,"lower_bound":0.0021540283894057044,"upper_bound":0.012463672706983786},"point_estimate":0.006184708006069739,"standard_error":0.0029279305381510494}}