{"mean":{"confidence_interval":{"confidence_level":0.95,"lower_bound":0.022921756788546833,"upper_bound":0.025319928329015834},"point_estimate":0.024207543312197544,"standard_error":0.0006263252728373151},"median":{"confidence_interval":{"confidence_level":0.95,"lower_bound":0.022331915186749596,"upper_bound":0.025102047710288344},"point_estimate":0.02391618792111716,"standard_error":0.0007740362195056816}}