{"mean":{"confidence_interval":{"confidence_level":0.95,"lower_bound":-0.03364687533584698,"upper_bound":-0.03224344339205723},"point_estimate":-0.032921573248766434,"standard_error":0.00035724347891494826},"median":{"confidence_interval":{"confidence_level":0.95,"lower_bound":-0.03352116488265011,"upper_bound":-0.03211082969689849},"point_estimate":-0.03296770237241775,"standard_error":0.00039107939355723694}}