{"mean":{"confidence_interval":{"confidence_level":0.95,"lower_bound":0.011810732235990868,"upper_bound":0.015033624066514165},"point_estimate":0.013297009950509642,"standard_error":0.0008104956555451459},"median":{"confidence_interval":{"confidence_level":0.95,"lower_bound":0.009519736124023792,"upper_bound":0.011205370859443176},"point_estimate":0.010215318170107457,"standard_error":0.0004204368028514621}}